feature_000,feature_001,feature_002,feature_003,feature_004,feature_005,feature_006,feature_007,feature_008,feature_009,feature_010,feature_011,feature_012,feature_013,feature_014,feature_015,feature_016,feature_017,feature_018,feature_019,label
0.36037123737976295,1.02268780018549,1.952642140594801,-0.7062473925744948,-0.6014909974550662,0.38083714103852123,-5.224487658715779,-1.3446265625673544,1.359225819653185,3.462135313487436,1.3883845084488449,4.221044287434392,0.5583364232117055,-1.8593367716600575,0.045491476330752,-1.0777079980722621,-0.8601843453695743,0.7978437798957666,-4.855688591254562,-7.590613208104298,1
-2.633056525144876,-1.2301316650454988,1.2406485032404542,-1.6147926788489837,-0.9255572117370383,2.23795884790189,-5.113538925328244,-1.4813217387772817,-0.06233786555853249,0.7776087973259018,0.8141604268718674,3.2503544317666653,-1.8363597837703973,0.479827035366833,-0.26864575330974255,0.8014668641338051,-2.148173547589833,0.01282864354368512,-0.7144524704322558,1.5230844610420589,1
-1.6926448517834904,0.2220589475019722,0.10207058326648277,3.1406734885795577,-1.4388884368776544,-2.286660721800211,3.698996496067842,-0.18371580962183742,-1.9111886059003815,-3.6229340923151643,-0.8641931165539039,-2.224489040359954,1.3863493972628433,-2.1056469418403245,1.1535903433169254,-0.6443748143885462,0.8999932156580459,0.9778155496862003,1.0451896964655143,3.098183767729772,0
-0.9582763978749773,0.3691846868071238,-1.164801681485743,-1.0993526796404005,-1.4814746365963412,0.33263419387649035,-1.3194081118031367,-0.9166223789464416,1.174360664418002,3.75869948343174,-1.0638173829674815,2.032140240087923,1.1785126897984228,0.8447743757816999,-0.005560293648070566,-0.8411112108187182,-0.10360870217031282,-2.391956204313024,-2.27288244685466,-3.5989693840594708,1
-1.053384855429025,0.5547517313689448,1.3665728793787706,-0.4864806794235528,-1.100349013908863,1.6065467357097596,-0.3148355123376696,1.0453040919637764,-7.290987038003209,3.6779987686723343,-4.477328120494372,6.9787978745885875,0.16805980596682024,0.5212799050138145,0.3216785413765001,0.9120709270896544,-2.7556898676736683,-0.7146806769904318,1.7512950105922587,-0.7611228103696589,1
3.142255785912817,-0.8609104338930216,2.481594517546483,2.3218039110725894,-0.9815553017302341,3.1081740270850977,-2.614266981635265,0.9784180138222198,-0.42886827057880006,-1.0663793850345336,1.5515067974229255,5.416358045136983,-0.3975577654917214,-1.422974925261673,-0.9701242603796436,2.0907643234526225,-0.7509226147375175,1.036087651046256,1.8113975954910537,-3.725778264276865,1
-0.6657240502914199,-2.2580517518709633,3.2812137955013574,0.4850171010252506,-3.4444849600794205,-4.150113264167364,4.839939426562797,0.2455815799383747,0.9220222921842125,2.2016764681692162,0.029455794110908595,1.7972862836675982,-0.8028244439508423,0.13906039865341766,-1.5769964821909972,1.7636773115740716,-0.9233778950782094,0.861636124497944,2.315373336902185,0.7879783616400803,0
-0.42237292073307464,2.1937426908412316,1.2116074606559197,2.1370834324807504,0.08508467638247086,-0.012080796048512199,1.3182935702649956,0.618569246528573,-8.848742308602269,1.3765329076184125,-4.51094418992788,6.573488605062078,0.17847666388538974,-0.18150316213566714,-2.1770650464428547,1.001665233297178,-1.4363258315608964,-0.9951484818533795,2.081938935465136,-0.7690963819711142,1
-0.8732767643610191,-0.8955101834155801,0.5557659508078583,2.672949103820914,1.7483526277233399,2.013926725613276,-10.25660438535339,-3.1172025670004144,1.3040609160571832,-0.8590497261765204,0.9805247321141295,6.440642302037286,0.8946471875738723,-0.2841550979287972,1.1947628618769377,4.307382676320367,-0.32816648967966794,-0.9858038086678267,-3.055883304533923,-1.719553795516726,1
-4.231132739540694,1.0222386679170656,-1.0192461499389136,0.395667423757468,-2.0667639048550113,-1.0267911690133713,-0.0686352514704045,-1.367384932454003,2.2240752241412802,-2.606056112504544,2.9680085100170377,-0.45253922905082344,-0.2598001407675125,-0.31823752774262026,-0.7811563781311142,3.2651057482466355,-0.5033990002124076,-0.6786430612941032,0.4182463513543202,5.785389457839154,1
-3.665385294179238,2.28933310865772,-0.34762101716681193,0.39821662046549533,-3.088211391356567,0.2934631562004043,2.621386041232828,-4.155908520344928,1.8421702420416353,-3.7620259528893625,4.864261188230421,0.9591716316671968,-0.47126374070251964,-0.7746149700185819,-1.6891830379672617,0.22686568262351725,1.7136807501938205,1.9234457948249533,3.1021805429810376,4.823951222391525,0
0.1433273652704714,-0.17114016217894046,0.13236818966537323,-0.4406591847800061,1.6096637223773926,0.2249445169700912,-0.5195026482353279,-1.2534443817956769,1.8824431849121623,0.4026082704643512,1.3258739140343905,1.6046769273249053,-2.2168188393540644,0.4243939378610126,1.2795186697601588,2.2324366864819467,2.5257707207709457,-0.7955570679408823,1.1465209761916337,1.0138831469612026,0
0.5482617561788726,0.4225302981189816,0.01572606999955184,0.21598952661066828,0.07604570580390091,2.3879448604371523,-6.6171443407265915,-1.5633217226490665,0.472265725881443,1.9822199267141898,0.3390836466284377,5.48967990177826,0.7640297815728595,-0.9478927172689863,-0.8343230454915821,1.3328412365699833,-1.657481597185915,1.897767016745977,-2.610232376197806,-4.7171710184088615,1
2.8196929196693494,4.802928143564846,0.03627455786830491,1.8276598914149638,-2.613801004037007,1.117566929109566,5.909611163254659,2.3478865194113157,-5.59278365528449,0.1959112790021107,-1.0349290037152,3.306329393161195,-0.08371795984921201,-0.15024298879825998,1.191707497107065,-1.794912897969078,-0.25480679672641277,0.0731969910016945,2.2587518215805904,-5.510550401032281,1
-1.4208299581974009,-1.4901471218882187,-0.379197522463963,0.9223804510750349,-0.24373225437798385,0.5965887254078454,1.0379238019846453,1.1111627887108553,0.7194560701769723,-1.449384924513306,-0.8466651801586822,-2.6803578285525473,1.355572935710348,0.008556080824349832,-1.5708814571259122,-0.9017112886687011,3.1471815492784723,0.27658150559104877,-0.05264415461936056,1.825204173297065,1
1.8621422906799545,1.4415207158654673,2.6827194705914685,-1.7530029980050206,1.8777025148241084,2.4107199492653293,-6.539029809314371,-1.1101014331037073,1.0914097694822433,-0.6859938842308453,3.066190656072444,3.5823638979727304,0.08416823018569615,-0.47741070619280046,-0.6498268854974364,3.24078385944389,0.127522003356075,0.5265366836723071,-3.177442249336523,-2.8890706536034103,1
3.718232588166827,-2.1715522764477804,2.3471649893629754,3.7915250889643755,-3.0538742799293424,0.45449373567585405,5.417607798927584,-0.4308879479031322,1.6942418553781238,-4.181085510335878,1.7987084411767336,-0.14208610250654718,-1.0158788269899783,0.21209335307417523,-0.9933586995819507,-1.2414670603602056,3.009958222793294,-0.1643352058853912,4.58519191136502,-1.5965185508099937,1
3.0200332152640135,-4.533370148907104,-4.154972565268921,-4.382357113694747,3.4071897526948822,4.899987538574217,-6.901340174515891,0.4334856000238947,8.068703142348019,0.8267353119288904,0.766366697414435,-8.667179796135532,-0.6298845523638104,0.5925672738473307,-2.704391631602775,-5.33407654104037,0.23474578060263868,-1.3668583632808264,-3.9824647326487197,-2.405722397994329,0
-1.8858368627009419,0.5933849962937274,4.113201444033548,-1.353787559775666,0.837753360342713,2.5659088847452933,-9.530909195933454,-3.2899109662871693,-2.11934807336773,-2.9862379680910625,3.310957307699751,5.484318600067331,0.4197056083572659,0.5199021395287525,1.8688178405438531,3.37382477065482,-4.048068527820718,-1.3734028889697492,-2.027981598400534,2.5255077091944513,1
0.5998388853480519,0.841509466854828,-0.12871934292990295,-1.8236741048511123,0.23310280963238061,3.197911536661316,-3.5919259150370726,1.5239285482207856,-0.8152119739975128,-0.9887457165281324,0.03934989188654403,-0.5000571162616954,0.0022879361435040493,1.6562082520572956,-0.2430611988808665,0.6467309442268507,-1.301846420141766,-0.7352010347632466,-2.2890507572610614,-0.5880442086668889,1
1.0060172958104598,1.602958494541782,-2.535102625979416,-1.4780057349503195,-1.1549344881191066,-1.8062047836469708,4.647599288936323,0.8728448959308905,-0.9515495586348748,0.4863077512679115,-2.891196952455493,-4.916263581468546,-0.5237313027714218,0.9294099847908155,-0.13213658890154725,-2.1008736563634383,-0.8730638574708358,-1.1212437400943918,-1.4729107391796865,-0.607759549938906,1
1.524491808316873,-2.2948263696516213,4.995917353216346,3.148981470827513,-6.013400902054537,-5.144487214108992,6.776644294765511,1.7901594294806922,1.375958505324081,-0.2172079797832342,1.292419484708715,0.6700206391886283,0.12617790366196718,-2.5322460852196853,0.6820694900626313,0.890286493628058,-1.9380261416480737,0.4359753895000459,1.8989272789599945,-2.344421377190718,0
-1.3474657352637247,0.05499113798469579,-0.6143641610852639,-3.9028431588850143,0.20430281719282628,0.8095519818249792,-2.1952795521122734,-0.4324717233814882,-1.0608633203469382,0.40928038314687454,-0.0022924616044786017,-2.081061791837249,2.196223142152799,-1.5431182279428703,0.16429476537056906,-1.1388085830562666,-4.666551603016972,0.025210867540082116,-0.7486949149075299,3.266403537833124,1
-3.65256689469196,1.1726902032123705,0.13550085459363637,-0.8640835642781939,-3.1755541916746175,-0.8119830678979902,5.291520615760396,-0.20701001643334782,0.32362429996601594,1.5577813849181297,1.0286701752048333,0.8794546713760701,-0.23701197001262772,0.4486357645145273,0.961987189071841,-0.6214537547446366,2.607587893990198,1.4621959387176369,2.2947837270069025,2.1446926645926165,0
-1.2354665879565339,-1.0157454144638383,0.6279247020104941,-3.9413669952458745,-0.4371257417813499,3.003760364191459,-0.33057855960143057,1.2301154895038189,0.1121931983669886,-2.0319901723403575,0.6993459046224855,-3.8162701244826196,-0.3726755839519746,-1.5304614097433769,1.6296421311127987,-0.5309294392109642,0.06926667480731707,1.558789184496894,0.2554324565341475,4.813824601361734,1
2.071166181676184,-0.7621843796213746,2.769707802790058,0.9363987032436397,-2.7014507026616315,0.372718639487982,-3.9336190931915485,-1.172571125099362,2.15886665424462,-3.2685717508569727,3.03987162161739,1.3984259263779275,-1.385987942398998,-0.07566560432583026,1.9725421767898081,2.4139781107397593,-3.8717989912167985,-0.07397286359437803,-1.9802040410690676,-1.9515039317869443,0
-3.699708745808823,0.6419230981323918,-3.313849418348963,-2.2100858257426768,-0.3937712201949204,-1.1667787513847747,2.3287781904818727,-0.3791334481246069,5.426874849280856,-0.11625014132488343,4.441521455765412,-4.741089840248376,-0.5791241096357465,0.1986800095474069,-0.07906734186455629,-0.29417518370385276,0.17563410346036223,-0.9849931258170151,1.7110517501324753,5.897239742708775,0
0.046308791992773934,0.1570242687511607,1.6709416216582702,1.7374785520890914,-3.4055481438513215,-2.9079397001209752,4.047228043962352,-0.05118891425735972,0.42774998715584867,-0.6214194176507193,0.5210683893191747,0.4218065588429938,1.3462257562027482,1.1013229577357622,0.46654531145012695,0.8475810117290248,-0.327305628530983,0.4441983272906719,0.5636654801789495,-0.7412387915308907,0
-4.289446058940739,-1.7527580286266389,-2.4654659020944454,-3.1682249710033954,-0.5825626123581331,-0.1726559357408145,1.6018063656445942,-1.5773077512448783,7.533484284864729,1.1007046401915237,5.441047570771086,-4.541244356001281,0.21853404241094568,-0.736770135947622,-1.4152671919241875,-2.534934597575748,1.2310431324067528,0.5859042011646491,2.756798662731253,5.85227856070921,0
-0.6345319448914287,1.4518214634092426,1.0803829718154105,1.1683508046505395,0.41748814770958176,-1.1556720107528893,2.3356172014195886,-1.3984390453860995,0.13241541777390964,-3.5199648604075087,2.039858696486851,-1.492460143940781,-1.1952937635992447,0.13106518621584873,-0.07744346072599365,-0.08934328181446449,3.321808492143954,0.4004813865063287,0.5633381964308188,2.034024490667349,0
0.2452235053652636,-0.5237556348991399,0.6390327544386857,-0.6120346912968935,-0.42468628331495417,0.5016253095392835,-1.8937854506411016,-1.837020413888799,-2.4484136408730177,2.810080184551669,-3.756687183276264,5.068304624337056,-0.22272070077660705,0.33260751032419755,0.9331280723410693,2.1294487951297967,-0.3725345252720565,-0.5717460419560614,-0.8223399520525572,-1.8350748104254508,1
1.0937949813966783,-0.2842097516617477,3.9571318631410763,1.2468780364110494,2.987743577232048,1.9376506901545025,-9.860167500904746,-1.7327381415825671,0.40844893276314576,-2.387724296841005,3.523545241732447,4.714038822431562,-0.07823065905851781,-0.34730228895784293,1.4532754760425446,2.783189885489942,-0.9281091545090339,1.4350873992222355,-3.1788098264033877,-2.3759830400934736,1
2.0284058476799007,1.0506344614478413,2.7945189174415193,-3.424664537688643,1.270762608136918,-0.6083660849452095,-4.665794756712761,-1.9281241440070824,-0.6851778487007336,0.02346728218543026,2.1966110547576436,1.1942770514903083,-1.745707432859652,-0.46458107811561833,0.04435879751560705,1.124758223463967,-5.844139241824452,-0.19692180799688955,-2.418255331677845,-0.8587354684135091,1
1.429006869944159,-1.0689509443650542,-1.673851107527883,-4.1691595176121705,3.696196584863264,2.430822564803414,-2.7043350797489474,2.0403729148514103,1.1547623885802667,2.8990943314866993,-2.1275416092287784,-4.1660576511039675,-0.5482002981667726,-2.0820987031889873,0.5531491563792091,-2.533526574714668,1.6652625602883915,0.242882013150275,-3.143135141753378,-1.779133615099116,0
0.3096453347883643,-2.87614790086932,-1.2178844181960267,0.6678581186417125,-0.783129708535572,-0.46549068797339554,-0.4868860417200165,3.871557318708902,5.433559318608937,1.0684934162999395,0.31621500784126444,-4.250757619317089,-0.6888855425754056,-0.2215132629521239,-0.02230028371805305,0.5181822880325382,1.0307625632987403,0.5169465157483709,-2.3416679584236766,-1.571345988888561,0
2.3028731127710245,3.1332033376359787,-2.8537958170463398,0.4485621579428132,2.065304585102857,0.3474289837916978,-0.4585497720465881,1.0382249390232219,-3.0911457300474594,1.3132350446967398,-1.9769260084030007,2.577960551855007,0.36414029605466136,-0.8256536828021421,0.1493634822711889,2.7433167072173488,-2.449184562483769,0.44477380783159476,0.48173832603755273,-1.5927438618542433,1
0.1587213806400385,-0.09701743659270268,1.1097618112675856,0.8304129450369675,-0.49877251902584896,-1.1714674357945252,3.007209484583227,4.0207559751193624,-0.8576865459110274,4.541041532558139,-2.017914392194812,2.108093320833541,-1.889649292096153,0.3631156277445234,0.3111099911431952,0.3929455103336277,2.5328942108010004,-0.6082265074447593,-0.18658087176618687,-4.072923435413958,0
2.743744422673922,-0.11256736362494046,-0.7799845421120216,0.2036273481115577,-0.5794597057066722,4.492595195387673,-2.9976638052068494,1.1511667023774665,0.779988845938697,1.4810509282200197,-1.598067682003269,2.218423573336058,0.31852100479887446,0.27926783821652595,-0.950910729687232,-0.8439340537137987,2.5944238070365304,0.7499002394237105,-2.5243531336475717,-7.076168274901422,0
-2.806823546636056,2.1025179426318656,6.028886300063252,-1.147802886587508,-4.527670374434924,0.5268986835574733,-6.3011016005104405,-4.895612937874965,-2.023003759959851,1.6756173378202408,2.282225348370865,8.13398580575534,-0.3882430535215389,1.2718924219386565,-0.1108125602790875,-2.0110661431480388,-2.5718042698138426,1.0703651602299298,-5.777533190657516,-6.747332160621555,1
-0.7220110655442762,1.3688479891246463,2.238499571181716,0.7945764449370841,-1.574812227789079,2.7215836381034864,-4.052421276254349,-0.3893019106748432,-4.288150705023409,1.8336115845424419,-1.6041479706389261,7.882113454763191,-1.9685042134380537,0.5136144642310962,0.03471374875256186,1.1532604143248164,-0.7226359897336312,-0.8927875154918841,-1.571239510535008,-4.35108091194813,1
-3.6979881786777646,0.418388191824852,-1.3536086926259892,1.9905907086400652,-1.6800528267186414,-2.4543488118877184,-0.10199002865888795,-3.796496569259676,3.3264382432277477,-1.5911062565973713,1.2834197126019529,-0.8203206039534856,-1.2845842656999693,-1.060605066396601,-0.7170161491279362,0.24141503342873943,2.4906215121886257,0.05225849049748321,-2.005831012823813,1.5761988883846763,0
-0.7801259982146951,1.6924733096479712,-5.707018560330474,6.7660699517571405,-0.7504237030789986,-2.955339998608812,3.1277223956147693,-2.907723669700884,3.8028749463130724,-1.3196269605962507,0.9760824640185649,-1.8779699239044447,-1.1716543473175618,-0.37630072492499606,0.018819049740598424,-3.9657721902620295,3.09177203049361,1.088769654216672,0.26698468661772307,-3.486700746241449,0
2.4209695710279355,-2.6106442712532782,2.521540597506812,-1.5799705406674154,1.839170725467463,0.7169210267612569,2.0903722854574234,2.545555848854465,2.4230705742077214,1.1576789592854384,2.642041081149367,1.044189169775317,-1.2992163634458243,0.12307820165618115,-0.1131280525157404,3.1945987807665137,1.6195206352777785,0.6405429350747734,5.098513357016738,2.3666918220969135,0
-0.29221196559904494,-0.16356159067523957,0.9528248506123977,0.6780151603047737,-2.5419312667345375,2.708913207160599,-2.871614412279132,0.6050188959623992,-1.8991304078879243,0.4781014106498259,-0.34894214273545626,5.743846044533253,-1.7863754653546866,1.7031726099180378,-1.6380290574360168,2.9936322760588787,-2.8509475632738965,0.9955815140020298,0.8793017111607603,-0.8507978774922769,1
-0.25825948649902775,-2.7693399294533085,2.6234393006643115,0.36442803208081403,-3.4690920693292595,-2.842811836163703,-1.2262320525049204,-2.8738297640463912,7.691815923665447,2.1237153287941215,4.164395835187854,2.7029639727605734,1.3845320475939062,1.063940987560856,0.2525688459966235,2.3121773517961817,-0.10309331404792554,-1.7760117540484022,-1.137045763078444,-2.8122345995909765,0
-3.985276100933868,-1.0908048748278594,-0.381212382748219,-2.4318046452664372,-0.3428850025578205,0.41573030247262766,-0.863002996835398,-1.1463274061103776,1.9398216335240477,0.02978139339581587,2.537856498003322,-3.1495339952155628,1.1918993344135729,-1.4769249275319014,-0.7393714074590363,-3.743637110565804,-0.8825186837819745,-1.0973683189710666,0.3727612148046744,4.130718584853206,0
0.006702026717922971,-0.47425995466223825,1.384163235019922,1.1148402438476923,-0.6564537654658624,-3.0281019164173575,5.679522331534033,-0.09545941853810647,0.4113153824813236,0.2948415470180892,0.4672908886654751,0.6875700584097235,0.07814306296964744,-0.5639474880582432,-0.8162172445419648,1.6458296673636963,2.209003137487226,1.105900424357309,3.6117073348648194,2.042353224436386,0
0.4217237259627207,1.9142636760510616,0.38195494546862996,-0.08478908515489614,0.4989119641840287,0.8963304047714811,-5.9954872819964,-3.992452132565388,-1.0168236133540862,-2.9117637699440397,0.9124345066932027,1.9365265851290547,1.5886269280435958,-0.6141225650083162,0.14098269961206,1.2045223249002968,-2.7886000553302024,0.1455211977682408,-3.462801047090805,-0.8426858005232614,0
-1.2498033127808121,-0.2830720434285098,1.5592507699459537,-1.2664515800752698,-2.041734248691149,2.2980454685710896,-0.1853751400454282,0.52897629828217,-2.2546431456120675,2.544185722343037,0.29192684170948113,5.0026673632814775,-1.1840305582225594,-0.12372894627483615,-0.39767969361460404,-0.10795715042716958,-2.0251190823594216,-0.3828171896129687,2.836117242697667,-0.004465228335839733,1
4.2399758934255205,-3.0458584603238767,0.5039447979316848,7.253935449151153,-3.0818789322932085,-7.499085970227715,8.497471621459972,0.15273363997477862,8.886100468202699,0.06047952343757912,4.982952394511087,-0.7745864661169737,2.067906338163552,-1.1738799644089726,-0.19793772898468187,0.7865078249651436,0.7892777140297687,-0.581782033392054,5.1664207118903605,-4.196596641038958,0
-2.8398235304020067,-1.5088208701528703,-4.04712581732283,-1.1220962617953276,0.053974049173714955,1.1715299615524477,-2.1346582105023217,-0.2206137474968337,7.602481744062457,-1.707548958587821,4.956217430105702,-6.49232197923409,0.18641616974404632,-0.23950192202174977,1.1168337755299542,-2.194776609633017,-0.34886608563499233,-0.09294420661358828,-0.09440836180802525,4.19056272150129,0
-1.5044058218838763,-0.2980989917807016,0.3718599329116936,0.1535796327967638,-0.21224540285751647,-0.3437698956981652,0.4228348677497446,2.60686230554834,0.5795803121530618,0.9918524305763872,-0.24121388064519544,-0.8577345087614102,0.2063617713254507,0.19484234027013805,-1.0196953197088567,0.6469429992448885,1.7723294588966965,0.46027162498230384,-1.2020447804825063,0.02761225709755899,0
-0.8839975716366346,-1.2653227225027408,0.9080507987560787,-1.652166438643271,-0.5453680700308454,0.8706929833565931,-0.604914721849338,-0.0029661447310491695,-3.3195291746724083,1.9230383858748055,-2.356209584337093,2.9049209889657597,-0.8852486861242225,-0.5505519317084877,0.31635832153614474,0.8797686855808549,-3.021322790783147,0.46436986354657417,1.9329445149483282,2.2645057399604216,1
-1.339865585664616,1.8450862476205725,-0.7590597304692432,-1.7051433190481302,-0.859536257298507,-0.3069966225800773,0.44602330394785084,-0.9905526636875337,-2.4819956339940408,-2.2264900535218777,-1.2027426475568461,-2.814516129917687,0.29724427338012405,-0.6328802748847919,0.18932830729237413,-0.646662790374502,-2.041462519090193,-0.9916966634403105,-1.7328061475394416,2.8676120980058477,0
1.204279662041634,-0.1894714957916538,2.5271409012941497,2.535706430594007,0.6422786023393792,4.252720665293378,-5.135184675198166,2.331429442767834,-3.769904125278381,-0.9392076219733598,-1.2418495926137465,2.9322053724763273,0.7688396759688968,1.8904406851557827,0.04930833152022263,-2.96883284185124,1.295437162750553,-0.7316317389085281,-2.7772193669922,-6.195411495028888,0
-0.47841599411988744,-0.07674076751428993,0.8326770831569303,-0.5233395281959183,-0.43870060704774017,0.672367098164241,-3.365750312647126,0.7402641936241453,-4.439628401706415,2.0596075997533427,-3.6015604587335197,1.3656236741047585,-1.611567359102828,0.22423474453529177,-0.3464265060068996,-2.650783886274507,-3.695962340274143,1.855503314794263,-3.3027199323484373,-3.192488827773987,0
-0.38967216255055,-0.22344166411807626,2.798275031025697,-2.3980890581091385,2.861315254242604,-1.199801795472718,-1.3741278971830784,-0.08871326958400827,-0.3080788754354704,-2.988273795240395,3.172369599289694,-2.099661000079697,-0.5380477584901385,-1.1260539609110503,-0.2563406783724922,2.671862089768662,-2.0778418904677514,-0.8568518651277993,1.147618484531969,6.586022705941604,1
-1.580672763993027,-0.5377147542078712,0.8766879462508479,-3.7963716419903895,-0.24619111251740167,2.4705779215631374,-4.119036753647645,-0.8929641746888526,-0.34601388694240043,0.14424603627518684,1.1556750849609705,0.934225534037183,-0.09482423128087224,-2.6307301368290634,0.38837572923016833,0.9146242325680712,-3.40796298745298,-1.5189108250900678,-0.3133344594536596,3.1830674771106295,1
0.6729741771119417,0.8846673680855914,-0.5525990596559756,3.9924652488166483,-2.5229580329194032,-3.9181565215004115,4.166343055152047,-1.2763858306170428,1.4327652165591602,-0.7001515405137182,0.7158791660904616,-0.1846404483820372,1.0743180127155614,0.0516609768510798,0.22907468820570256,-1.1246681788775086,0.00957680601737887,0.9583858198420424,0.36092327829035,-2.9161600414341535,0
0.3206688375057999,0.10430071896589954,2.0442011809757537,0.23691446933705312,-3.546963329844533,1.127619246242717,3.8322925904640193,0.24157333240822498,-5.112952621247973,1.823481127438054,-4.673729876103819,4.848022456041333,-1.3158158164275071,0.03944704824073949,-1.4359095238685275,0.31771604552711924,1.5128850861580012,0.4240668615184512,1.437552530597594,-2.2939741070387614,1
3.4525812314509388,-0.858235539752651,0.8048559112175454,0.6890788370592091,4.514490568155322,-0.8106196641387833,-3.6619833869678953,-0.038218954405572436,2.548536317537269,-1.7790655644624607,2.0932892070529983,-2.236257580552214,-0.5849076534177698,-0.5092133625991345,-0.8463597198869729,0.6738770490596223,0.27474802967428336,0.2783486346446696,-1.6988708370859729,-1.4670942961528233,1
0.11829772346762402,-1.574304854201118,1.335887912210804,-0.8448381308781866,2.83186897738418,0.2878442102137332,-3.0752054145192593,1.9453251221244605,0.6714586905087974,-0.04368438546725184,0.05426194818379215,-3.0211870472011473,-0.16212397547985843,0.5362909095171899,-2.1961278210999464,-1.3757669385269233,1.0636852077512948,-0.06407776414871663,-2.7311060684986117,-0.37425806524747407,0
-5.044625339718672,-1.5336862465471366,-0.3340091307911799,-3.6012470438014477,0.18875232140339793,3.1610159841599526,-1.7000730351911453,2.4323278263657135,-1.019226339607455,-0.5063440962521069,0.9415714301630822,-2.132915595891067,0.3639706308527381,-0.9665878909853152,-0.0681234251679531,0.24511939870316424,-1.6166424944664386,-0.5984375805810469,2.2413389340453076,8.783757078354121,1
1.1223754442730707,-0.40102443989544256,2.9658613570849317,1.5288140378070465,-2.97354753206303,2.9837866506752952,0.1410800576121385,0.9861987698125771,-3.9903417967304504,-0.2872425280171145,-2.280702911915456,5.175236752993053,-0.8281962729652346,-2.3161438629688766,0.8580141953021454,0.4111769879928646,0.9470950441584909,-1.1996975283653082,0.7296513704023092,-3.420689109683093,1
1.1591713224822504,-2.542290692573963,2.8585929765829796,1.9662830605316843,-2.8598299683735773,4.224702531462843,-3.9316300306605267,0.5444199162804704,0.5944798630688288,-2.9426854288747117,0.3410122947568903,3.9253689055811902,0.4875602970867186,1.1717179147161596,-1.1761733365547806,3.2017400807199365,1.0485590841456518,-0.6701152004542329,-0.22391495309918485,-1.5180725931773604,1
0.09035629533442924,-2.0111302549695393,-0.3629807530341671,1.09974993237343,1.214325419167852,-0.3226237821993554,-2.0460257318006576,5.343547590961222,1.3577643081457231,2.4035311995770132,-1.5323965660624455,-2.389506815915611,1.5280313593878327,0.1722543864110375,0.6715311717290534,-0.16332830900220652,0.2440131956624471,-1.1793691216326172,-3.0721393732279285,-2.8212728403557907,0
-3.2096139647043396,1.0694381248253217,3.31012981355659,3.767101214325881,-3.8427051144327313,-4.005091780840255,9.207244332167413,0.3065558145660132,-5.169205752217271,-3.009720685554652,-1.9628923208966709,-0.7876540288703424,0.2927154821418534,-1.276304416538336,-1.2883076174635377,-2.3242901252778774,3.823340960816357,0.5737444210044131,2.154164853336426,2.4995219905601567,0
-3.4814361861281418,2.044474620655798,-1.8059016715451304,3.683155859418939,-1.9839714262013166,-1.2110690752637752,4.683046553473119,-0.6788674196961983,-5.966089356876155,-0.47159177951531284,-4.988481198737475,1.182284848712479,-0.4030759890650308,2.046862195719558,-0.6749340187905523,-2.5591541594648977,2.65877232943397,-0.22247489677826537,0.7151960462434966,0.5993875537616629,0
2.0061759970206356,2.710824317228983,4.0840256605658825,-0.8296361337831306,1.578667793090091,-2.226979437393716,-7.8507975190865915,-5.079819755955458,1.1227315295595943,1.704960980344531,4.166534256863885,6.900024987825679,-0.10128071870153288,-1.0797363212758484,-2.0217986399619474,2.364736103726803,-3.866455520620417,-1.3585740152574743,-5.060717561682617,-6.655640992657608,1
-4.208374708605926,-0.06659099828912152,-3.345029339182629,0.9624605273501636,0.5668276596445032,3.9396039431720213,-6.298523076694822,-3.2587007735840743,2.0844938472941283,-2.115947751508161,0.4349700727452075,-0.08304225030879114,1.5944423917491968,-1.2390527025266425,2.095843501809159,-1.5857074560245048,3.348181432285652,-0.10343122429028392,-2.735093121718049,1.4146844129718037,0
-1.911362855666988,-0.2384109430441258,1.0116964470095589,1.0910818703747185,1.2661422917286453,2.9741293042818233,-3.001020460389298,3.0367550355422894,0.3188332248773803,-1.2400358099401725,1.1423592246681642,0.7100353155320414,-0.9697437196346744,-1.0902084067994298,-0.9855396007209299,1.6065163032162513,4.316613193630956,0.24365722370271442,-1.1190342049336603,0.5710898452958777,1
-2.318087922897716,-2.1434879613020006,0.33709830671518737,-1.3448842189338335,2.7600224706566614,3.7503505010095637,-9.863825155822367,-1.1024444420114665,1.5311985662429604,0.334056472189866,2.5667803474948325,2.9142797709226675,-0.7160434362758403,0.35947579754712555,2.3490757867007575,1.1230414285800983,-2.4075071588510752,-0.47875857152168855,-0.8212503781750982,2.293338626084665,1
-1.017325529191364,-0.8009797122803972,0.9835922586041206,1.6263492293454291,-1.107131035404561,-1.9426152161186276,2.727142913327683,-0.44161399654207506,2.8210295907932124,-0.9329092917310768,1.9408086088391476,-0.7143120437147648,1.0819848092499422,-0.7908993816675531,-0.7798529462216388,0.5067977087449222,3.056590281726171,0.7821300015314592,1.0116461797100027,0.9435588660583074,0
-1.266124616239453,2.7187174229035627,0.6727102718289543,0.41160698493868964,1.4505740096608892,-3.1762266587946266,0.5404186236243316,-3.695040171763697,-4.886783690802403,2.665544898850597,-1.7738674352419916,4.448227892428668,-0.10633700253131496,2.3079162506161106,-0.18144906924751675,-1.5983965600679155,-1.5647859630710244,3.2430929695947333,0.0887545626656866,-1.2936919614042584,1
-0.039106265397697126,-1.8167266897974128,2.7917666327009156,3.3902216241404757,0.33257943425968417,2.497671424208519,-6.496240924729839,-1.6149330678748957,-2.8314255414355296,0.7708007907225667,-1.8877240763868925,8.792878767275326,-0.8369207037962799,1.4526167454861794,-0.9163209190734197,2.0709707768038124,0.6126995172763794,1.0651719657143865,-0.5406302202446573,-3.6610143772937733,1
-1.1002681521037454,-1.1415210522904986,3.6991480730937507,-1.7487691778195729,-0.9484301000291774,1.1681262465204056,1.2604464969400033,1.8528318250026519,-3.3871014056842337,0.7217700462434942,-1.507598365117343,2.0528002839806425,-1.066234931899225,-0.6382827265284942,-0.8153756283161211,1.0895086471488273,1.0018479836434557,-0.8319549174944512,1.3276982102531885,2.028062249145279,0
-1.031039448310026,0.8514275892205918,-3.8678362862963285,7.613916903129184,-3.5555405996736926,-6.02572975045331,7.227881725165452,-0.9398363434353859,4.499910418597999,-2.8249658524731354,1.9312341424685195,-4.958617843968251,1.0235306441853447,1.8972886947731116,0.1566937282465246,-3.894014706641432,1.4761865378213712,1.6957228778108653,0.7379726137993682,-1.9855610835301203,0
-3.149065865697942,1.2571813897657242,-2.2688458596861008,-1.8030536621805229,-2.7590737242315484,0.6519753942542577,3.842906577271825,-1.371226961230722,5.571399101184717,-2.1686108992209183,4.405582475325928,-4.0554943773296,-0.15129922023252232,-1.1071568168024517,-0.36550593698526584,-0.34706435228161375,3.8374316627105616,1.2960630617813962,1.2382462406230916,4.29341804844331,0
0.6512831159752486,0.6401532469537994,-0.581650347196512,-3.118815895368045,1.5987030120220762,0.18048657681166957,-1.2466880027730276,0.6967980548632957,0.9135386230068803,0.6951784787603232,1.0489245371250497,-2.948529136828899,0.004229858994151577,0.3379575282321183,0.8913036868697555,-0.903572599043664,-1.935893633144196,-0.05592044852221312,-1.4528771016426856,0.43403117015177295,1
3.9771849967984156,0.6634091834474127,0.7136264948789213,1.0942433780903826,-0.7054503140052678,-3.5864370781702437,7.303530035121278,-2.5989951633085555,-1.8513847260174292,0.5621384154199173,-2.7226402113584234,0.3764240093369966,-0.5282970466629792,0.4809080927488954,-0.20252422706483003,-1.446404366913135,1.5183710936067112,1.1818910929599615,2.3062418456344895,-2.967946146190701,1
1.0716109327060699,1.4539544200568724,3.0572643643976027,3.382582228028257,-0.29590108060925674,2.2263957845217344,-2.6359154035935575,1.1298737696918075,-5.119244257900647,-1.1349858580603245,-0.9556162541145344,8.90396017305226,0.4201915428949916,0.8107986455917099,-0.9938626748348534,5.59549576814552,0.21501266829380106,0.6549755842216898,1.2435141790997788,-1.9610492048154193,1
-3.713834978734381,3.231838978830554,-0.8569382134922423,2.122681788773148,-4.552774648361356,0.14926183524771897,6.114285137084498,0.1432529136968721,1.1162342039529922,1.2255447049855763,2.692047260723479,5.937984261481781,-0.8903178480198718,0.1755362295785979,-1.8437935834807457,3.706557092023658,4.70874621895776,0.30170000890173554,4.394966434492349,1.000407984768537,0
0.18086194597913186,-0.0617287038048987,0.3372822370408105,0.9339783779869839,-1.1350495701521817,2.2331207319852213,-5.27805133811214,-1.5142414514132758,0.23448272059871567,0.8428128362238787,-1.5530757214389297,5.7253062567763315,-0.3256110521485036,-0.24066517453021302,0.007880184694728152,4.035080872249163,0.8313610847984638,0.25719897035592737,-2.992059506593052,-3.498558681632117,1
1.2252541879270904,1.1323125921544615,0.3836559617941376,1.7294839860507218,0.7161858392851812,-0.11734476614256384,3.207256398060685,1.7130734726317345,-6.118376532752753,1.4087701211233181,-0.7718149535816616,4.420971832367014,0.21273977585766032,-1.1140464501619933,0.25866114785538813,-0.8759701176551611,-4.222728359828045,-0.8110008636288448,6.334331395762318,0.592795321539018,1
1.3022637736340468,3.7291379898553902,1.6085144751504095,1.3941099524051432,-2.408734313410285,-0.1474955615454322,6.686399631333404,1.2610434264218637,-6.25805784229911,-0.7968907651928596,-0.2681369571253658,1.6077084068793632,0.5507975722736632,-0.43112556957509907,0.4080528468367557,-4.170524815211306,-0.8613127785094679,0.7828737349485725,3.1714546925463125,-2.7656492246723197,1
-1.7103957034085426,0.9043824817801558,4.02313765553,-1.8615359676574983,1.9659641803014882,2.533863987423948,-1.086008627827765,-2.6516057041093983,-6.009457237394324,0.4189644594511645,0.737785791580938,5.0406986171600305,0.4936548476431509,-1.433151814524712,-0.524662407066803,-3.7267344200610495,0.8622516497719332,-0.14994071907910936,3.1506915346428235,1.399588159281606,0
-1.4544824713638906,-0.6091377361267217,0.31263993738881835,-2.9053603208264533,1.8386088857308824,4.287411530437277,-3.6699831014154545,-0.5641347608680842,-0.592292607003144,-0.2019987062292653,0.2837291098403943,1.5861711048201155,0.05119790188108534,-0.6273134459513029,0.04522270899998256,1.2360411603985182,1.8829702470858782,1.1806409124521446,0.7464160709391463,3.3133342862917523,0
0.1559480722392278,-0.7090980367488932,-0.643165952160045,1.6992592818582999,-1.8870385996847217,-2.700280965155847,0.6670916971367702,-1.6609732986323877,5.109899886833469,0.8121639755105698,2.325926687123154,0.37584505293607706,-0.16036008104483077,-0.81240234893742,-0.049029340838036735,1.146461968006786,-0.11181081262510473,0.678946987762233,-0.3856880497973527,-1.9107609264023204,0
3.0652495770387223,-0.79424101074008,5.1362055568192995,-2.4184627969240395,2.4054038542351437,1.228254266906322,1.5910211376892696,1.3514978358653302,-4.036845202317005,0.36055683895137003,-0.4699617399057068,4.505582470674704,0.604120889588518,-0.39622967810175985,1.0683793336940164,4.523830429446802,1.1008209563299074,1.2395840064415615,4.450033720288542,2.4283079909214886,0
0.10972439315534221,1.3293566147776572,3.5519239956280826,-2.2485712678489405,-0.6351823012839615,0.4549406895361372,-1.978572800344895,0.3908800311906555,-0.759269355113098,0.6682392143816702,1.6398727672339233,1.573029005656791,0.7034279167873088,-1.3656174041901494,-0.9741218462163683,0.11623989181814387,-0.5334196151974218,-0.4235985817281771,-2.8528349167554756,-2.560509040411378,1
1.7235616013445967,-0.7215972856972712,-0.8811456526956101,-1.2124524170907487,2.6684937615205486,-0.058087895207552864,-0.8335387616735357,1.8314802592681312,0.7051769926324722,-0.7383318609781211,0.042824565058907305,-3.3524334305724257,-0.4303093199546424,0.605606232631313,0.508608373233442,1.1023658444299467,-1.392652096392444,1.5091310134045506,0.05841468264938743,2.035528997789129,1
-3.5507368934298755,-1.3422027846757691,-4.820004318088995,-4.551021345081713,1.6227562428738478,-1.4838430792514548,-0.5650271146850967,0.9311964539535743,7.46712797518417,0.6900168370491097,2.5650689379762097,-10.43884626073474,-0.6113852473886282,0.570507208354516,-0.5806483025539511,-1.5562882509145688,-0.7307645561486664,2.184096733380456,-2.375992618422968,6.315120733610188,0
-0.1029298270241562,-2.0721183030901327,-0.5579976236058564,-0.9528192260144899,2.4801972836862056,3.4313035802635667,-5.602245849501865,0.9228319362177899,2.002719538439078,-0.5272450317587715,1.1627616645703105,-0.09546066564099887,-0.3365525898781734,1.127908993253569,0.15449366559525113,1.4240000438381166,0.11744213064252107,-1.1274960989530387,-0.22344381364807775,1.7455958370340015,1
2.4015892786074637,-2.1884560288177894,-1.282859712556617,1.1609914337033156,-0.8987933241893653,0.1890418963917868,0.7315927918879166,-2.441057548655833,2.7423768243772844,1.1395802098661982,-1.8111996329528675,1.2734779911666347,0.07287409801551539,0.8201581867554845,-0.06468860503251848,0.1132660504721602,2.0346959205420942,-1.1430193120737286,0.7067231496269832,-2.9448594973967865,1
0.403360900884586,-0.17739253262275334,-0.51393829704908,-0.7683532193808341,0.83018607471314,2.7205430722462847,-1.3521498263563005,0.07891783183620871,1.8038506481279748,1.165764213799351,0.7267314225766015,0.661147032511584,0.36064789143579495,-0.3202978045366419,1.643378155804534,-1.2564880633864313,3.3462668475474553,-2.077811819856197,-0.3681363356235842,-2.3803074240157005,0
-0.28131117776602665,-1.046623977097773,-3.023663564851539,-3.2347837241950828,-1.7229792705381783,0.14021791970559794,1.071439841854172,-1.9513888132350579,3.250069865394389,3.7898710516724448,-1.488938928182448,-0.09548962556589213,0.32910677871012955,-1.4741321320421057,-0.5859276733177553,0.6871612525731562,-0.7614324144229856,1.4288577078135674,0.3482605649061383,0.37556093959553305,1
2.6507417471646484,-0.5904508322090898,-1.8901074772849495,-1.3039081489650501,-2.664912007426464,2.9112967439744173,-0.31391039369795837,0.031852387791541314,3.3480699241556846,1.5110050961929258,-1.6211125589808797,1.3611596832594621,-1.17223375343664,-0.32669621318636405,-1.0425776946705763,2.8758331632372345,1.7624744162489943,-0.15032046027187207,-1.364155512884585,-3.8195099179276126,1
-0.46238368600425667,0.4715490074707649,2.1763711580172624,0.6711705201674025,-1.512916349867005,1.242788265390021,-6.9728978856521024,-4.923858974066013,0.5970174978382398,0.7189074434309424,0.9077095503071935,7.07178436316612,0.2106684652031108,-0.05751775300546313,1.0753434019568977,1.3140007117173491,-0.642827393763294,0.4929864585144592,-3.8231723859229394,-4.99639537579504,1
-0.1336493332358425,-1.7974276467304011,1.3395760843132123,-0.1209919071951987,-1.3115725609771276,-1.5096051561808148,0.5176904645472176,-0.35490373808747194,1.7077876386061936,0.7402905739010455,0.8905314025661354,0.21402785980781824,-0.21345677935043825,-1.5975991695954321,-0.3270173176097711,0.4280595397968909,-1.4630641544901064,-0.9245641143780999,0.7123113508659837,0.4857222024134503,0
-0.8148706317029282,1.873835853107287,3.3910062078581413,6.4508364689823665,-0.12273127321344002,1.00208468571714,-2.3477009140305016,0.5799957698382538,-4.918548192555029,0.22508173912040863,0.9837941706059412,11.249245961026952,-1.1022697404558555,1.2906444609225471,-0.39719531614598763,2.4603938881811063,1.4123279788584822,2.01527511046064,2.3288784185732085,-4.3059392757188,0
0.565819378230482,0.8544332270872521,0.005364623404872315,0.42588217669936923,1.0511857296400684,0.32268144260734016,-0.745261432965025,-0.4322355355188204,-4.716728077181542,2.6022687740069848,-2.95279012713283,4.795146710476832,0.15946250680412918,-1.60027110450371,-1.2172826922204794,0.12435882591527203,-2.0066047618538345,-1.388542553831211,1.24260708361849,-1.6481322831946565,1
1.07444722270543,2.7548080950296843,2.3655747578906476,-3.3476097948230743,-1.3656118183160848,1.5994615722839665,-1.9289056060560854,-0.35936183050053944,-0.11040964295163991,1.1346180370660683,1.4742208715669753,3.099637939840285,1.1277802506338985,0.24353020418634463,-0.06040372919690829,2.3708191665137255,-0.10534984094355337,-0.514782674914742,-3.1051631562053537,-3.4587266000699373,1
3.317637164203995,-0.9524694929576951,0.04750802207461291,1.4428163633674513,-2.971482834502017,2.7383478241917425,1.0758872513291229,0.022713912722444052,2.7114633384577633,-0.2747081187709278,1.01512678806137,1.7244338786624422,0.11137260184005242,-0.41521376790527154,0.03402741107223205,-0.9809841419125385,1.6252742305595975,-1.3495762115515322,1.1801907835388117,-5.2955359631403045,1
-0.39451482230135015,-1.705575833199924,2.9851972148013397,-0.8171075718771953,2.07863754883995,-0.18041196405138304,-3.267347889100516,-3.6393589809914237,-0.15383441512953366,-4.846011052463763,1.99414981001006,-0.8059757024116614,0.20760335140062577,-0.1373109657888796,0.9577916144729056,1.7558232989750662,-0.6171784306780752,-0.6076463453734726,0.6632499720591898,5.992744603835146,1
1.160241664850007,-2.319982530913309,1.6404368235648825,-2.65519875743036,1.8192835150972686,6.706080458096541,-4.044895474238247,-2.874259162640394,0.36364870056187426,-1.5426197037743175,1.9653099840502952,0.021539128969429305,-0.08809124402907328,0.696167997159289,-0.5176925728692147,-6.510059626983786,2.9015617931403774,-0.48083378951197936,1.5926587615861123,-0.9627332114016829,0
1.4565502353168167,-0.25158649267474464,1.4410464915589474,1.015491118079754,-2.045012169511061,0.9624129902744484,5.691555918879078,2.854063918898932,-5.802116366983163,-0.46532459411000127,-3.304329433125095,3.075320846472857,-0.1581538443723203,-2.132595626154836,1.0126374096440718,2.34894125423644,-0.7600419396099213,0.2810092502818063,5.593292614130358,2.295300999655926,1
-1.0323550030448616,1.9053473662902765,-2.1814503394152114,2.437471924766804,2.269877660545852,-2.1299427875758066,4.061879512783668,-1.8181101503247838,0.6180633810891478,-3.896756290107371,1.6546816749207094,-3.522971162688215,-0.9181269834165748,-1.2935076252040958,-0.695694877197064,-0.8079043346644916,4.1025970362613435,0.07125374991089249,2.356990067966648,4.143484784252929,0
1.8918993519708909,-3.626178827070473,-1.1154850883552838,4.024089680928469,-0.9164164073426351,-1.589725587734712,3.5536166543015355,1.3289813784189366,4.240975407250321,1.7638673474144781,1.3439261279197205,-0.31130182391369166,-0.06100397185538355,-1.3724655478841008,0.32297450361766816,-2.4693189463147363,0.33629749972673506,-0.501784192811532,4.493052055525514,-2.547370213525152,0
-1.7627757514482028,-1.5950099892250829,-3.6248876632386366,-5.034909972601063,-0.1620267942148257,0.6933643605431943,3.7730226003743432,1.4859359236128271,6.4977621040887765,4.054946684791098,1.6030139947322066,-6.465207321051951,-0.059415181272494094,0.5483196275544987,0.9495945713644882,-3.575361881296196,2.7094112665387433,-0.08743532877718108,1.0940723516315798,2.136197991134388,0
-1.737174634743006,-1.8465701177450016,3.0375337562186226,0.9613999763689789,1.1634839152556062,4.188146529204334,-10.441687051288547,-2.259000882208638,1.5372213802386192,-0.2687643852864784,2.6791656378351076,7.995574975753934,-0.24638340251454802,0.7938184671438157,-0.29737607924310644,4.1121076447476685,1.2506782498699043,-0.43277388358838864,-1.6200780881497843,-0.9545551542931252,1
3.5830065060367087,-1.543801032668871,3.288539301300588,0.6634767828232357,-1.6077982057954594,-1.7725426661207226,0.8759559132532926,-0.09680594410028154,1.4010433779583569,2.217795757921806,1.35931047950542,3.8008476135577425,-0.5321685631271895,0.2078025073533134,-1.2926253471522626,1.2313467664774704,-2.492619692608354,0.8407344821295493,1.4189512371614612,-4.490721582612564,0
0.3641736011053045,0.0019415046200873531,4.0899229171070095,1.2401132979948364,-2.488271818790024,0.982380920528737,-0.9931503234892507,-0.7387703212590495,-5.006115816347324,-2.5491542290133857,-1.8015508990238611,3.2779958397524904,1.3119837385739466,0.9040175547613144,-0.29748220087385013,0.047838467900053305,-1.2844475030283697,0.2243396567780826,-0.8863978917076476,-1.2433255613612495,0
-0.5264609958976235,-0.9255572296768881,-0.34723971447570423,3.8969195756601023,-2.291007754030288,-2.609920504190093,2.5222908964738684,-0.9998535602411622,3.613553932060337,-1.9430841600426356,2.083610173166556,-1.0279794437990142,0.13192796677195706,-1.3367254388759306,-0.4118233689636573,-0.1512668563171614,1.3044762900544895,0.17528677893392386,0.8918991324339307,-0.3027678738363244,0
-1.9730380796852396,-1.409559591664305,3.584148522573825,-1.8565290745962493,3.6623570381019563,2.3449109776550756,-5.10025503530478,2.7238105701661084,-1.5449347565578513,-4.1762324396232025,3.484120782275136,-1.7465383958112994,1.0059245117964166,0.38343503140364416,-0.40930847409572124,2.3944430425981356,-1.4450060938658453,0.49470565377503245,0.9347394810178713,7.7619455134456015,1
-0.28952083830712394,-2.214595957619901,-1.4038505808585164,-0.2922186412496999,1.7448443778397287,1.9281252292368036,0.03656845073191439,1.005226054539065,3.3609239058806963,-0.45620002342836746,2.040948739322536,-1.9347216292928222,-1.5678594253654559,-0.035825578706462934,-0.531454551359215,-0.11502017358528194,2.316006415834593,-1.1115802495135512,3.163689887939454,3.2047030221058055,0
-2.8545206456908048,2.128058046985138,-3.7773158769870117,-1.579306423883244,-2.7143055090523225,1.3012341747883296,0.5712409572472565,-3.65803969759021,6.113320857547015,-1.6383462436568885,3.5559795978055586,-1.169251047944027,-0.21560957856802238,-0.7893385057196743,-0.0070449854805546995,2.1865116088445395,3.2499050176895823,-0.4519493719118777,-0.5367767527011189,2.8003876887867225,0
-1.7184557672347722,-1.0861088322962562,-0.27782277108324094,-2.1801203730608787,0.8080318253569647,-1.2456774768508945,3.5623166491038427,0.8059581576353327,2.0112624847806204,4.250748290845526,1.175174790662676,-0.5833357151664897,-1.4162270557926455,0.8021284586181193,0.8622235118869771,-1.7951155213109329,1.6145381401492944,1.5985381120963413,3.106160338308685,1.7112641726164757,0
-1.337140439377703,-0.23018897302076724,-0.8517662868306057,2.741579838335489,-1.0154515330584493,-1.2546382643369047,-4.732763047691528,-2.8858780616311233,2.266309938975924,5.465805215015181,-0.6105514115287929,6.331491537499205,-0.21713107494620248,-0.7469232850701676,0.990166238959289,-1.2584443052387824,-0.13960028504025612,0.0861108682589779,-3.59029599585553,-8.057209352594162,1
-0.9013808421404204,-0.4189107275964805,-0.8679485633692043,1.971241718832075,-0.9610302258549885,-1.6819526494251447,1.917011112385776,-1.303118025924181,1.5217014960696047,-0.6631050470558174,0.7928829532798434,-0.91727467875152,-0.08087849786546131,-0.218653277435036,-0.09139955750911445,-1.462646125242452,0.5895188112018168,-0.4545477187434442,1.034215493084556,0.3979280222987138,0
-1.2697195921420743,-3.217079472758777,1.0442942764712102,-1.2645540562900877,3.4183176339485346,1.2593150655953367,-4.1372554542399955,0.7294440482445295,-1.0408750225673735,-4.985584826357387,1.6176850081449807,-4.489266684289867,0.7319555025098458,-1.5978721344948377,-0.6300249795338944,0.5471194989037249,-4.0048926148185915,-1.307369782230964,2.215645369784263,9.562884121797293,1
0.4033017974829127,-0.9994152979292817,0.3508508424665555,-1.851074619696112,0.7274753623598103,0.26977125831373133,-1.0961285701611634,0.053219531617424654,0.19698998601352802,-1.5202253145602809,0.4569246601580315,-3.1085694383592974,-0.29175863225853715,-0.2867942357382693,0.7595148874861078,-0.65000332149456,-2.179240036840607,0.9976320769202445,-0.3051560861061618,2.5142099562729054,1
1.8707328102827125,-0.6654127270776123,0.04019921089960787,-1.451205594435286,1.1880985921875535,1.0290248714464527,1.6486131323079216,0.994945184580468,2.1320856478031334,1.7861301547781745,-0.14253009933926108,-0.33417029075012183,0.4281862478105761,0.9134737320174066,0.5376299029498797,0.5466343598851222,4.0998047439142695,-0.41222074502447015,0.5983314203572314,-1.6018467061524828,0
2.0830656127732876,-1.8705711217372838,-1.030623468404114,0.03720302680178034,2.225596167861199,3.0241799483851697,-7.267711730105924,1.0762493478446817,0.06531674386626873,-0.5030083806227184,-0.6328046980625524,0.62365774896822,-1.1794596645077804,0.5044832563830169,-1.5630343065712535,1.389882796952468,-4.152394801895967,-0.6108576398050658,-1.4083673448282927,-0.8153701552641549,1
0.08333749641463917,-2.3239773684435474,3.3318900620607304,-0.07319167047641428,-0.9566985165488701,-2.3431176449025086,3.560119856659889,1.7902079867068184,3.6645632104177834,-1.399038748753619,3.240000398900114,-1.9030118107097875,-0.7282722024066131,-0.9645377949101913,0.5059655534558652,3.0493218058956835,1.9126393287095662,-0.2798103423770061,2.3061771227417447,3.4740753760254117,0
-2.0095891333685127,0.4876965091552128,-0.921792331743958,-0.4023564060848333,-1.7604828044236476,-1.5523078243757797,2.2703679422073946,-0.2391889417444572,-0.7611592671585821,1.5513154898202008,-1.7744271159877878,-0.050324604752269964,0.18568858041873892,0.20323595458603103,-0.45763324933761523,0.07999299521713121,-0.30565254128955816,-0.7790927393767005,-0.286357824157737,0.9662572139672008,1
-1.9162560939519528,-0.6023089522707217,3.0386870815983515,1.6368087354571792,-0.20684518370091975,-0.5830755051073255,-1.7772211294680973,-3.0214776730377055,-3.5979670842556946,-0.6540899735899135,-3.0703269795193595,5.474480874571577,0.8723153800284503,0.33868731792169,1.0294574815983573,3.283466092120631,2.7408638426812706,-0.1421465369405461,-0.8554131526271409,1.0915580580056274,1
-0.11271280194227362,-0.006930765876535072,2.2644504582402476,0.4775028031368247,1.2635946248970509,0.10579868992711305,-1.8879210647608997,0.3630961010181648,-1.4933724040683054,0.5401487301549304,0.236251965638971,1.3333871674850042,-1.123494033239598,1.6406145634882874,3.152056734512085,-1.5995757343285204,0.7495860895882807,1.362562852712452,-1.3002159974267489,-2.2158647779072496,0
-0.7911699126898228,-0.27838518625636655,1.3189594146568724,-0.5451293207619241,0.05327583309662798,1.3598981443952038,-1.1797168525841717,-0.050406371459974286,-3.638286332424669,-2.057090955421881,-1.2642665911391142,0.03638838878094425,0.664927162301741,-0.5152183938082427,1.5301951988633513,-0.3670216166546081,-1.4751805358111902,-1.0105982199289134,0.3350605868745543,2.7067029996885297,0
0.09580775238532913,0.2900912434295664,0.695758276164983,0.3609547397189866,-1.596423222310606,2.285837932100794,0.1012903234690179,1.085357228457032,-3.5793349779093333,1.2631365690981564,-1.5946467320955588,4.114201119447012,0.2668183962954019,0.7441857103150346,0.42154608353656126,-0.17685617399014342,-1.3260169943640556,-0.23596998721097162,1.7639292471369006,-1.4619117767240413,1
-2.603929649811943,-0.6032337848952232,-1.5008802557468304,1.0775701051067312,-0.26897124243591786,-1.1838419828393945,-2.276843312203263,0.3330882643767009,2.775109311077077,-1.8394558419660416,1.387272691435848,-2.3261230494351004,0.15776143929376948,0.996118214911129,-1.3902219251534627,2.3760743747881277,-1.075044913986711,0.13988723283912738,-1.6125117965183744,3.5011486912155343,0
-2.2697935023854505,-1.1897915516259767,5.3126688828455615,-5.463902891386026,2.004213152579098,3.758584374037609,-4.8521486237936795,-0.789499764125233,-5.282873877487128,-2.45838094061365,-1.0251984508267253,2.5530357310870757,-0.35667313417987123,-0.048088507330772585,-0.18315047105329468,4.590423203299624,-0.17703530340610363,0.8155010224442626,0.241948687524967,8.319147084881873,0
-6.7721598502222315,-2.197289057589357,1.0685610448450054,-1.0515365269141002,-1.053452416538425,3.343928653519093,-4.844869599831549,-1.5613889769805467,-1.051051887056303,-0.37007326928370127,0.8061597217304725,3.117334685703456,-1.031955242094435,0.2215584736242106,1.2347519140447951,0.10616709992796347,0.05159075642149813,-0.11348064588214118,1.227358713176725,6.446892048687664,1
-0.9960456467241647,-0.6311981372507245,2.4748685794206047,-0.013576902702247873,2.9861638957718712,1.7954532752454626,-8.46713473950374,-0.4475783452581428,-5.11632788377476,-0.06901055961158475,-1.3078930871617007,2.490766524325693,0.11314045705302281,-0.1449045790814313,-0.44594371386116016,-2.583079327996006,-4.231329286787714,-1.5375847964491753,-3.1519189959211005,-1.2030149581064982,0
-0.04939168818256057,-1.8418388491000832,0.9968166130079598,-1.0900673124901812,2.784188138959074,-0.9469896470067471,-2.419814315721846,-1.5571142491678507,1.1075245461441554,-1.7556944483112038,1.7117147967290451,-0.9155644992903461,-1.5271678565896476,-0.2084682105404079,1.2066081548639151,2.4219037095564513,-1.8028463821058007,-1.4840566649243352,1.5286326122896805,5.3142166094020675,1
-1.2837653613585316,-2.0456377868012074,5.046302435992952,2.5128702422311457,-2.577514082363634,3.143663619708657,-3.4665132116779986,-0.15522346399340758,-3.260120501468906,-2.496239055932187,0.15499027191711534,5.861692101440886,-0.31030770538490365,0.37976763604089603,-0.9680457585102453,0.7957418722764149,0.4186756906724953,1.2376537575119981,0.779256440693762,-0.3953451971776105,1
-1.9464981610530374,-2.091990571616402,1.008931837402527,-0.5874782064672507,2.2168741695427263,2.673364877249619,-2.505615346133286,1.455413862013726,1.0910261751252808,-3.1734554193561033,1.736388543811134,-2.262131541240316,1.356583385827982,0.24312345851289308,-0.29424250563645765,1.2985844484948679,3.0492231641410426,-0.06263957732723487,0.9886961106024652,5.646159449280418,1
-0.8019093492899569,2.5944221836855377,-0.13721899389177772,-2.6758948144487418,-2.5771176214096854,0.5519050353775737,1.5561298082764732,0.015540218199485922,-2.723908215782634,1.575261582542719,-1.8022842295895385,1.5371413114717054,-0.022278979183713316,2.042076040143744,0.2773584619646759,0.8819650636035409,-1.4528871929784866,0.10343812930810638,-1.240357698930141,-0.5349404999079519,1
3.620756932651239,-0.7477038925003312,-0.385973797895532,-1.3468060737434207,3.4332506443576047,-2.11188736202899,0.2901380202599295,0.9482658107669188,1.2161391896557834,-1.2108571356897557,0.44636811640867224,-4.3556718414172675,-0.8877695115385407,1.4244958212469476,-0.09170602414512598,1.6404479369582123,-2.6272415753098373,-0.8360621521000247,0.4037378365436408,2.082086751909427,1
-0.563424586830987,0.40797591095801966,1.1743048072568345,-0.23767779089841323,1.5818746031181823,0.5782768236285059,3.855487103149657,1.2587210921033816,-4.478082484588845,-0.7333903887818471,-1.8615782147537703,0.4231944193229358,-0.40439742318396127,1.4891131083282896,2.271449745422796,0.07492507593768272,2.924121825323035,0.5055892418358746,3.5892723969127163,3.691598400796754,0
-6.369561222135515,1.0060072140976002,-2.3191614570420276,-1.8997707474576273,1.1961087089104125,2.4198149554105113,-4.734551893314475,-2.9115935716185373,-2.2564283493254464,-1.2468740427841527,-2.4417052088303848,-0.31707029316078095,0.47543068252662346,-1.7476365098282616,0.43477006455689116,0.32814331643062333,2.3735169702039327,1.7120402840178925,-3.058557040341343,5.9265236996422805,0
1.1289376186784772,-3.0445841530993185,2.0079245948674798,2.894489686145855,-1.4270017607857226,-4.272668703904431,4.623873682495015,-0.17652937280716263,3.0160547910623485,0.31398914491684105,1.3614735109194722,-0.24638735601094774,0.2869558543017087,0.19405194360587402,-1.270061088712032,0.13348698890001565,0.444038681527434,0.3207857259326839,3.2636207574912675,-0.0355768380584207,0
5.643572628602902,-0.7879343821595559,-1.235627065106281,1.8709817405576346,-1.5567670884759728,0.5731777452903892,6.328980512381053,2.1811530912383157,-1.1670819453670038,0.8017601290980657,-2.493390767651269,2.0125880377424012,-0.12205713212127726,0.14506374595938162,0.7931756882186773,1.8816281229198717,-0.6243899095665735,-2.018487864388638,5.795842415706938,-2.3099475259788287,1
-1.5780619169218983,-1.2965636085598213,1.6090336673602286,1.4814538414531728,0.14862894131259763,0.5106743966816261,-3.489312871377318,-0.7075689384369823,-1.0206837346196034,-2.354086501064354,0.2841998065922703,0.8848242716983594,-0.3428788615575641,0.30698107268623775,1.813407698515423,0.5406176814478505,-0.7676808426572821,-0.009288561567815747,-0.707231015629977,1.9030011648452831,1
3.2154179372955642,3.8740183441319944,-1.0264022669166182,-1.1470023388136126,-0.6081825043396045,1.2791326799582907,2.1932634155176194,1.9722160297648557,-4.292109904030886,3.7699126821441684,-2.95433153035008,5.120044516016884,-1.3717431292635056,-0.7097889922335351,0.9788895585567792,2.511954115575466,-1.4060385059753706,-0.6143231440962944,0.5136226283915037,-5.025802556082271,1
-1.348000740987108,0.22283115379859497,1.0069118349845068,1.618604259301112,-1.7724156451388124,-3.0171684307483835,8.205369230147646,1.2164744649216828,-1.0460557668830226,0.02416898520240207,-0.3044587135246195,-0.20642945324538386,1.1464408704007276,-1.479444223139724,1.259233239786799,0.5538491479895534,3.1942817775673813,2.303638752104789,4.200327185151327,2.8464050213014667,0
2.3942219818655888,-1.7017117404188518,-1.048314333507243,2.1184392396084366,0.714246734131833,1.0095488518767823,-3.5697175530908365,-2.3410636417557047,3.4733253140942604,-0.5645830250089015,0.21512539102379968,2.1077111296819915,-1.7931064525345768,0.0976703767483354,-1.2644984069549656,1.9824354516577882,1.238222490475258,-0.856498237409199,-0.6207538044704459,-2.7957974189329784,1
0.8430517755378188,-1.2007060764963988,4.279663222095681,0.2329435781915285,-1.6080188921098504,-2.3074111925161738,1.7514296661569713,-0.43580955161627927,0.605051522514847,-0.26460298200096455,1.2971457361585803,2.0404256263540517,-0.22747625995340778,1.0071333364731596,0.3361449630262288,2.5257358966909225,0.13672828967818862,-0.9733788380270346,0.7974905429809063,-0.015593512704709322,0
0.8981379747271083,1.9384193013437383,2.103688000107727,-1.3569514986477123,0.3548839086130149,-1.1986586443060496,1.6936754050589204,-2.1886682156844293,-1.582597144612243,-0.12585082682276572,0.6613897872503014,3.0959878053691523,-0.8049664808525608,-1.1410085097527383,-0.1115088271429437,2.9902271258983433,0.5613130305618628,0.6954024745502987,1.2349484698530164,0.9568820427549579,0
1.3036078728765752,0.6471083867447067,0.7050359491573404,3.2947248341786723,1.2438898545471826,2.831918636251652,-5.573057619235984,1.6329001814658048,-1.2613816015357464,-0.005809896738984355,-0.5523367038888864,4.809899200624022,0.19157739619408962,0.08669769941439658,0.3556689485632294,1.6865230150608006,1.6437780264739004,0.347561613803552,-2.6540041352905233,-5.692813868086367,0
2.809104718939879,1.7492031731649114,0.3958071342864168,1.746208990748446,-1.514976004235994,1.2275657083220806,2.202421288107297,0.1752050293715567,-0.6495843737544102,-1.9859511689698965,-0.2889295020541547,1.2453602101351862,0.47154238041820573,-0.7597031174802871,-1.7710685530880912,0.7646280541525742,2.7046862786113834,-0.782003492511037,-0.08477084663596746,-3.668118419376444,1
-1.6494857735686856,2.290519019305635,4.123929794035358,1.8158503585556731,-0.8791477923098812,3.2415197963188414,-0.6307487775195799,4.820901215158706,-13.667248280332949,0.5323738009924855,-2.272111546214795,8.739960006916288,0.04693490206036963,0.35147990035220167,-1.9782252493748103,-0.8104269745435748,-6.97726441799267,-1.372859451481064,4.941270096824418,0.8967118264019429,1
0.5571052898285391,-1.1350931913032247,1.8899660988587794,-1.4869767781524867,3.192869882203457,2.5391741339724367,-6.6834926988404195,0.4776348404114821,0.8202679470800704,-1.287290988898971,2.431525160359096,1.9801007381741138,-0.7925234471152126,0.12626773623406817,-0.9846547848472624,4.195969760042525,-1.2032399096131141,-1.055089368176695,-0.3351221961859857,2.4550648874262158,1
-4.855531189153301,-0.5931814323936767,-2.7818762325442634,-1.9971980461302057,-1.425751711324734,-0.6466881872697094,1.7615487877468663,-0.3802717263795894,7.436764674650934,-3.068239949686488,5.636496853647008,-8.490795791846566,2.814654444472553,-0.4151002889633696,0.7007006121205837,-1.80045595808131,1.6127888362260512,0.9324348709546673,0.14615190884016094,7.350057439559843,0
1.9292659496297626,-1.5739768326614825,-2.6245291575613927,-1.7590136989842564,1.6209619719791126,3.6022658898345616,-5.328758964468046,-1.0236768250656445,4.9688851798943885,-1.3870700372313196,0.6998701624265098,-3.887934031998764,0.9567031863856584,-2.839078659485427,-0.809380821082754,-1.008779455986791,1.3716483092572815,-1.1511537365528692,-3.4412122911149234,-1.631756660673179,0
-0.1481142568854238,-1.9821407391866646,-0.4873821931205393,1.3209114311832344,-1.6024964606577308,-1.8203346863564962,2.019052302836098,3.127915698922725,5.108471499085377,1.6457389882041602,0.26659195814910364,-2.747245157504406,0.5825713188088052,0.8496119885162131,0.6928575842374367,1.029861954717936,2.9631345538059044,0.14304876987895235,-1.7729862338648703,-2.1517674340145208,0
3.508287538166268,0.4551894529140177,4.962824372809373,2.2786121438899762,2.1108007123104127,-4.68046871494906,1.178232186706845,-4.514136673277918,1.0810130769230195,-5.558127111798836,2.7208613626945715,-0.8623603266093642,-1.803862792562365,-0.4817659710934752,0.32445860435251705,2.0147834379395104,3.099196670950647,1.8566474365619547,-1.1461316730126259,-0.29527299938876705,1
2.143299035258221,1.0524973441182155,2.577043309213761,0.6498840015160886,-1.9556223676515292,0.45250186283093696,2.4342920963424532,-0.07343800494111086,-3.597171622513394,0.8162853420347177,-1.619703012698698,4.3947970644745915,0.5904220612514635,-1.2578681559088878,0.7313802525749924,0.10339276632297945,0.3335484291037081,1.1927351654164144,1.084309012493347,-3.8252828127109133,1
1.0073168810102504,-0.7377912355864331,0.2782732819370613,-2.6339188481826294,2.2954693392096233,0.4293089395549282,-5.807710869961877,-1.8059277208174267,1.139921838980497,0.6791389436418593,1.7118773648080625,-0.4617054905670135,0.3116528560047783,1.638359732270941,0.38130961226478466,-0.9639701777042773,-4.887431519167741,0.6188862980231536,-1.851353051871669,-0.24059572445423139,0
0.5249286787287364,-0.08522738817444286,2.8554742200075367,0.8441985916326862,-4.069220455314536,-2.5272217091587574,0.2144623801604404,-1.5581649004779294,1.472812787914754,-0.1719335015961745,1.1609422101156284,2.363759413723563,1.0269862633197322,1.190548594343596,0.2125740306322149,2.0951943689599073,-2.2086790763712543,2.1650560678066024,-1.9476917102244558,-2.7419207523442086,0
1.0864474743974728,-0.6148638611993085,0.2581996803124753,2.0070574718473555,3.4361959739054955,-2.5339107950749504,-2.1199013137140796,-4.508529511583353,-1.6032476626376582,1.6208604427019235,-1.8010487571386282,3.3877586938276556,-1.3480471119401671,-0.15936223214590656,-0.37058276240078286,-1.3446860327954895,-0.13856949720549683,-0.45784838618248924,0.182682460304328,-2.1315525163093945,1
-0.5929127077598555,1.22852954895965,-1.7938272906247341,-2.3223416504387986,-0.010082681883120115,-1.685211339990427,3.9091090975294347,-0.67698564178029,-3.6185055450821633,3.0698261269651503,-2.058392947326185,-0.43660050735794353,1.2292147842970504,-0.39352985596972884,0.1786947168104756,-3.092883483831855,-4.282509839092387,-1.1195461283831687,2.874745762283932,1.8364590737631314,1
0.19165172324747193,-1.3683493448495179,-2.0306411291304505,-0.36230428682612803,3.142163449203288,2.2923573911957242,-9.167699904172265,0.3614621861165357,-0.23406844846753883,1.5076480839744404,-1.2010964427834467,-0.0661476207968752,0.02845758118315888,0.7510994545073101,-2.0650830462563206,-1.7492061102971384,-4.785155940087797,-1.9754877712171375,-3.7993804237422415,-2.2757468789577593,0
-0.27197584230899385,-0.568153043734656,4.202402989857309,3.0355014606625543,-0.6633898889149297,0.7488238376179679,-2.862041531123779,-1.8208435171287458,-3.993348333269688,-1.1087721044261398,-2.0302958240129376,7.707994660294735,-0.4629395120252583,0.8282296901846228,1.090861670603698,3.7210042985641394,2.0390822517623155,1.6087808557343735,-0.2760726365064151,-1.4473152766754094,1
0.9736281071231965,-1.2808409343569158,0.22075234537206723,-0.17583217255351724,0.5039682333281882,1.6696312695481839,0.10749091499572322,3.1188583292693757,0.05826458985624461,1.9358327470550605,-1.1472070499788498,-0.18028392865882736,-0.9425580057918763,-0.13006029355362003,1.669069525826331,-0.9495850960393704,1.6367380062108543,-0.5561187467607805,0.016036624988835957,-2.3174399434944117,0
0.4740691558747512,-1.1200512608986792,-3.130293944932464,-0.3802281468261898,1.6076849266185398,0.6206989528269007,-1.5807441411851764,-0.23202714022860904,5.134762836253463,1.9052233401278555,1.8922323288419425,-1.1797988605213565,-0.7725687487562407,-1.3327773974796497,-0.3494393272169559,-0.1528548884693185,0.6292559246040154,1.2495049007061587,0.5472927026651575,-0.5963372930306798,1
0.057501533067046084,-1.071371237823178,-1.2360986871609903,-3.220959189327975,2.009041897281365,1.8136709621539417,-2.782589037171805,-0.04570863231086786,1.489952850266263,-0.06382160658172942,-0.8726274222475137,-4.2858842448706,-1.0496554989099411,1.4473056993918065,0.5681032051286461,-1.6344923256280568,0.7566633644360832,0.5062409893059261,-2.72176696110453,1.00847948664093,0
-0.4133122969818175,-0.6282881468767736,0.620792338586505,-0.021152485944713195,-1.1887571206135363,2.3306276954443663,-2.0062638278251637,0.14530651173785503,-1.6952224164914362,2.1135363025812692,-0.14119557191014054,4.66432764230312,0.1825010305992134,0.269294752580734,-0.04489303012253698,-0.4464523159218492,-2.3536114623250626,-0.3998990621311371,1.7552918564625946,-1.4131201928666455,1
-2.3900340591731073,-2.3173242820348596,-0.4153017433849565,-5.060571438293499,5.3372593969361555,-2.007688676228014,-1.2784247940284301,1.6392435588315175,0.46759219776108796,3.0367601433108646,-0.3382216928472894,-6.89372215285733,1.653617268492285,-0.7284616216803428,0.31952467078295543,-3.6814326637757686,-1.8144988236722954,-0.37185788227866556,-0.7830228625910591,5.475791548385301,0
-0.24821404424468785,-0.39227975671512233,2.429080905497363,1.6470941745653584,1.5004936643938682,-0.1901457562812714,-3.106217603172676,-1.2943978968266507,1.1262698767055994,-1.6573141501216846,2.007072172380705,3.2378640711168725,1.798725018351312,-1.0955193888455623,-0.8807540896027302,3.9012604934386363,2.419374102981627,0.30767665340111383,-0.36687238904405756,0.65429962270834,1
3.460112460506589,2.5115985749698067,0.12195924266115599,0.06174088840217662,-2.7509907430590177,1.1651521338941648,3.2773384438353026,0.331507256859205,-1.079695821047967,-0.04079674487872775,-0.14243848025773387,0.46231483264911666,0.73463754545933,0.3958197810959231,0.6928557558178116,-2.611034870695577,0.04801988270518087,-0.17909328501615626,-0.46679341159241683,-6.183999592708251,1
1.6956837252527677,-3.575359557712499,0.6663908727124798,1.0790588419549483,-0.2928577135806894,-0.14047816589896323,-1.1603221400080108,0.13414708897298877,5.374943152105917,0.06294630185317263,2.9278037376236465,0.48657481864647373,-0.09884520123930605,0.5697603571986469,0.19548173155329082,2.0792320500970307,-0.5281905397081164,0.4914294527201998,2.1931378503302126,0.08104394549677929,0
-0.8135510087784917,-1.4046518038391538,-3.3788226644071884,-0.630975965990535,-0.647688483517703,1.9773684176280075,0.22079688007924947,3.9238228316580788,-0.08733323106724189,2.1599418443543836,-3.116085752139326,-3.611313769215716,0.973101561015072,-1.5118834195632136,1.159381043300522,-2.8405655147851574,-0.8436726013529015,2.0931979322099448,-0.8794451406357553,-0.6039452927647901,1
-4.104138097237191,-0.601109094525569,3.297858589549432,-1.5070795996538422,1.9883614061125814,2.197941856094889,-10.466830341833823,-3.1810781288681707,1.4300440532859204,1.3681711757205328,4.928415347666175,6.906731119549909,-1.9955317804517385,0.4935602043342916,0.2908970575900059,2.0591349949159983,-1.6463260820714989,-0.059826143529903696,-1.6280627488849408,1.2077784855285003,1
-2.0703390842046705,-0.8178360237967798,1.7080223958607175,0.2753883741933013,-0.18196380724708971,-0.1510830356076327,-4.7299741763204945,-1.878938591505743,-3.6601140775847094,0.4909533126627001,-1.4544464712395222,3.401818860152643,-1.4055630538562867,0.6333268260712385,0.02263085267686914,-0.5665358753260012,-4.566846884117317,-0.48827384245154465,-1.2343367652493575,0.6360280303182417,0
-0.7972303989867171,0.17523508033140378,-2.81311604146122,-1.73485406158126,1.4055794485969852,1.3130917692051018,-0.5179668957533335,-0.7130407886759482,5.430062480665744,1.1867318655764518,2.3864126524832345,-0.5102619125959107,-0.09184476433495513,-0.8449414385934964,-1.4990159604584012,2.6401097753894405,3.900793430517277,1.0094717885959688,0.625785211734202,1.7327912324109036,0
0.48455002655978285,0.5790849758858676,4.117549476303703,-2.433575541529744,1.3310082489043054,-1.226544146758557,-2.549378779217306,-3.0426256749435456,1.8841982859380373,-0.566481158371966,4.115018558052407,2.0539958460991663,0.07227896538428889,-0.5898947564628909,-0.13216935564437185,2.3349106505688955,0.1437407002784048,0.5954908976392573,-1.094424518888395,0.47362463813826466,1
2.045207729369934,-2.342620314545588,-0.16383698208489728,1.912497391829083,-0.08734701085933483,-2.3626208519137064,0.41472991343430643,-0.5463163959625168,5.4607428390523545,1.2804449736656511,2.2996187691632874,0.777721869730221,1.466540859278603,0.3131321400131553,0.6870657958589163,2.1049408797082716,-0.17207715677164614,1.3764964500195378,1.5281459733536848,-1.6591845469137736,0
0.9079114686179843,1.380526679479893,4.6109045289811235,-0.2635750340495773,-2.2696758793642062,3.026314649430442,-0.6379035137820073,2.430239487829521,-5.872202081113181,0.5966838689661381,-0.02887928718743893,6.769179412828283,-0.0350076100062359,-0.18256897437954112,-0.9899577925520139,1.0630922344968823,-2.329249864341847,-0.49693202511797824,1.4977492111218522,-2.7351110606949662,1
-2.353626661187657,-1.8912663211356997,1.6443473436016813,1.6364932089357638,0.9300747798233906,2.5748760945857914,-3.723938931584885,0.8081047434537454,-0.7855910850160904,-4.071767053502471,0.5655598970668322,-0.6192165490935977,0.8861911885847956,-0.7788370428204348,1.3510728924131392,0.5418125864881966,2.344388150664356,-1.500221861446936,-0.354140094770284,3.6986092182542576,1
0.25178011535048395,-2.5453063029278358,-2.1154510729349036,-0.5588246164177844,1.414359029389117,1.2766312490967624,-2.0909473613450476,2.9789892271984613,6.636782275890873,1.775481148826274,1.4282123136259686,-3.8896778182495684,0.1812511626020504,0.3933070500053236,-0.7380570836613916,-0.0682795687481742,3.166289565965368,-0.10434279298689192,-1.9983699855993349,-1.53481285837523,0
-0.7219092713345947,-1.8010121466703521,5.076147557795175,3.5292842887875517,-1.9679176539424368,-0.21634629566393426,-0.6083217424294576,-3.0664244631996125,-3.579140566238496,-1.2101604178785608,-3.1966249900098767,7.641071334167486,0.3123782104665717,-0.7280770978553212,0.3733485597113982,3.416620926229837,4.403452087131921,-0.3600392687569827,0.1239503511955613,-1.1402797627488188,1
-1.3924207900245227,5.765784527767577,-4.28766457846041,4.319192219289215,1.2197907853781425,-1.9386209382034232,5.628813858541536,-2.7897858300572587,-6.5563031286865066,-2.146587258485847,-3.800232683911962,0.1251229236112339,1.9351540400602292,-0.535316712567659,0.5114995753618614,-3.4480213847573573,3.5357446187820853,0.4961991873633163,1.0713547637677197,-0.24765576643750675,0
0.5180801901593818,0.7494692189650367,1.440671576931789,0.7231969452164118,-0.5026362583117633,1.594540174976213,-4.261890508736786,-0.6926068542723623,0.09349774057198568,0.028250848557499153,1.4554826581252092,6.085301976738074,-0.4124138182164804,1.3032780373160637,0.5861658003927833,4.93174892885679,-1.0508168328606609,0.18106274277108234,-0.43180302463705056,-1.50039665513293,1
3.348116734700179,1.4052403695720623,-1.862174545850077,0.6250923004346907,-0.7357363578484706,-0.7420304938305455,4.958011855922402,-1.0666564703941126,-0.3925639672136536,0.7560294666219621,-2.2151041414667256,-0.7962452529580896,0.8394685045184047,-0.15171443357722914,0.5333592447054494,-2.19613580441065,1.8999448376467603,1.2753907379990148,0.7378219159489836,-4.103259637114527,1
0.8053372921947635,2.9087159143157875,-1.6473738837373522,2.5998149354772186,-1.18812751573336,3.9841573752832398,-6.020180076870279,-0.45153447876585395,-3.4100428291634035,1.8353234973606494,-2.339771773684797,8.389791529261693,0.3796396483859655,0.7105491022977853,0.42934082280173436,1.671472435511091,-1.4976591772056305,1.3934545275244314,-2.8091776403268867,-7.45999568120714,0
0.422482034181626,-0.38916410769607795,1.1897063030786483,0.8558042736241074,-0.4054146793190918,-2.0448911317246665,2.5813435151290633,-1.2576700706256394,-1.7213579518635767,-4.666616431086545,-0.8568076782410528,-3.6153721437952693,0.49150564724678364,-0.966246319753254,-0.17537845589869072,0.03583173399057382,-0.37836133182310067,-0.484173951248737,0.41590712183161394,3.886400567088724,1
-1.2333991456612319,0.9015286530294506,-0.1644209295523178,-1.4818130562220444,0.24902603808810586,4.377830905542865,-6.0055525989097465,-2.4797635092425616,-0.6664010368682036,-1.5431482084605395,0.8049398486267723,2.0564562268958153,-0.14702542343084998,-0.8320613048498566,-0.5501152829365389,-0.5826844470003805,0.03609451399250807,1.991553302204734,-2.169136551149089,-0.19495077985128978,0
-0.08701457277244284,-1.6854208258904204,0.90503402405232,3.087027161088594,-3.6314927817113976,-2.800135945589491,1.3387730651348102,-1.4550656266249098,6.138219430389169,-1.9256993397658417,4.131780702589301,-1.0259938004009221,0.4182057558879721,-0.07722104522304557,0.4258436586298291,0.3115688079061572,0.023976467065048634,-0.6073544332122114,-0.014132214572276314,-1.2403889505150563,0
-4.227410177430421,-0.6387175734018039,2.5584644222286634,0.4812284334476493,-1.3213589072276284,-1.4054957265658266,1.97929376579457,0.6320912616366143,-1.979907407841427,-3.57985796292309,1.9546795775969505,-2.9946494465092037,-1.4068150094975382,-0.3220281544920584,1.3254321090950785,-2.0716733865646435,-0.8832722842670488,1.6147787907098514,1.5795424156942064,6.3760940680446385,0
-3.2437035544568884,-0.5546472663612716,0.31068762388997484,-1.8505049750478668,1.323658154906123,0.624197171400246,-0.3328394708276985,1.5118432530029564,0.27222021591528134,-0.42574953756191797,1.4816282608301563,-2.38102841760766,0.6986888135170435,0.8920675997317206,-0.5898923177556078,-0.21500335657936076,1.0294018503917597,-1.8418977729578574,0.7636344735404732,5.123211224665226,1
-2.974163459327996,0.7321605031815106,-0.6569532052107789,-1.5538890213654617,1.7573482147125379,-1.9848706439606538,0.004351649686034728,-1.0756561626398458,2.25940497894307,1.7767600051184929,2.3068227115501525,0.2098940963987661,0.46248362406685406,-0.33638694541113623,0.9603047962814704,1.9230085471597433,1.003011584862862,-0.26265952031616774,0.6718016971434522,3.7071596133781384,0
0.34429831700513125,-0.4913130425204406,-1.2697412759239657,1.541002100053477,1.8194392084501083,2.8961178542317176,-5.697325877655338,2.328925256957004,-0.5337252460717374,2.2825371166693635,-0.8715107728676224,3.069859327723252,1.00163182520856,-1.9080021371233076,-0.39305275706140097,-0.05373378701248943,-0.9227467182968823,-0.7999405067019342,-1.534224103681843,-3.9563962835140396,0
-2.438120033180268,0.5831139130058736,-0.4080315884731609,-0.6983917416386078,0.3208034016384784,1.1348382603108575,0.8571418362840011,-2.4240303255812092,1.053287032863704,1.1780383938121415,3.4219709524863537,3.1113473546407326,-2.390304367469438,1.2302221756507876,-0.5969742867210739,-1.1188418584064168,1.2954372644158454,0.3791531187261241,4.428741225282112,2.573075180719142,0
1.606981110005596,-2.2088288396278504,-2.6925393409754994,1.1284102874360595,-0.17395269669443703,-2.094900430489017,0.7279884669315173,-4.815018924141809,7.763915781365064,-1.0491599248958907,2.1512636999460693,-2.165245157866674,-0.3150867311941086,1.057368305378225,0.8721970000729778,0.8917149724357765,1.9063794843406197,1.218194711754256,0.8778428506533464,0.37170889888131525,1
0.2987049656833396,-0.09761344979557085,-3.19055615459318,-2.0480096544722746,2.3010398105580476,2.5425511167023176,-2.5840727412001,0.3682846032584982,2.904634822377056,0.5289909662542225,1.0131547528336915,-2.730626551741241,-0.19539035117702397,0.5913492417584003,-0.7239903317426091,-0.9548555237298422,0.6023727673046217,-1.3957892021924851,-0.6244519554455791,0.5012470991146478,1
-1.5823751436780205,-3.40293891738004,-0.9153629078462338,0.4285134581123464,-2.4047150334434697,0.6245407188228111,-7.557218639086862,-3.0528127610236204,11.310479628361616,-0.7043626529618502,6.082118119249485,-0.7652408492876628,1.8577023435377324,-1.0513099116393445,1.4974316831796264,1.6295924487186226,-0.8155617590949604,-1.8316822472060261,-3.76601092812841,-1.3095366141097537,0
1.8747048597573863,0.8575868417424526,-1.017787558239544,-3.094953440467367,-2.237297663260593,0.9432506310493372,4.595424610811642,1.8938246036602207,0.025754311215252512,-0.6610966256577402,-1.7407695637642908,-6.7561365959719915,-0.4958781720101493,-2.4263920705352082,-2.3869298701956727,-4.334230286770638,0.843786404237034,1.2840957939481172,-2.094632364997677,-1.8686937500211238,1
-3.6203798226108708,1.0313917704432503,-1.2632902253295595,3.809356913932149,-3.474347760343716,-1.68823788224652,-0.39857107569021444,0.6387253550725893,1.8895261652907243,-1.5262054885552467,1.5389835182957075,2.000748555831806,-1.911640550651757,-0.6981996746110497,1.6786746733725662,4.628005149786955,-0.6701776956259382,0.6336610247740587,-0.7726113612320823,1.7347502001747976,0
-0.307860301406488,-0.23173374441676986,2.6880171390504914,1.0570231356948125,4.350193930560697,-1.3976759900600324,-4.209028473696464,-1.293542860128064,2.563242152685155,-1.2564046007263587,4.173677133589332,1.2787254403730959,-0.16063111952549436,-0.7119732272589228,-1.5428032182428997,2.258150160392346,2.6688414106744505,0.9863765059059371,-0.9637380957181696,0.750609648377501,1
-1.14672629581451,-0.8010291002224473,-0.3654476798298443,-3.6994253811739375,0.5478031439090557,3.140058228837069,-1.3441699100620577,2.6530314455292174,0.6470284813059374,1.0350215778056013,0.30401321369047635,-1.7645825253584486,1.0354434164169448,-1.0916251721591026,0.23384802578959837,0.3965058599565253,0.25962942516082477,0.20953423026279433,0.04776865425101162,2.633115268855831,1
-0.6807078799955979,-1.1122542541990252,-1.0000499320277936,0.5924040229239713,-0.3026537709840855,2.3120011362910633,-4.3907540536667735,0.07541509987347916,-0.7603106507003821,0.2355392865207655,-1.5504630090606362,0.7512989919294637,-0.7773714848459066,0.23184209213484805,1.146030144142065,-1.4010113711578127,-1.7675727942385946,-0.20035257779416388,-1.8850117924775474,-1.4909211452373052,1
-0.3789969830454263,0.0839505491937208,2.03621070132042,0.9159377049949236,-0.01454521302956735,2.122995128518113,-6.935808609949539,-2.469135241286403,0.08191865964178247,1.5056511314052696,2.828721800319771,5.964252903293854,0.8232799156777053,-0.01109200394860206,-0.8130143722601298,-2.285258548357632,-2.4141871154255297,0.32208231076698546,-1.5385162808224246,-5.173231411289315,0
-0.7987183326964677,3.942582824520813,4.818049910021692,-2.0191201689234033,-1.4303997787317317,-1.5879368759757326,2.0823509217592147,-2.214079094766924,-6.980598946404047,1.6136542934550175,-1.6692582758240213,4.729511419687104,-1.9689231424160831,-0.4482246163001494,-0.6922503292658964,-1.5391302403709533,-0.07575272166072189,1.2528426344274837,-1.9137413959948646,-2.9951752722230873,1
-3.264175808265392,1.2133373078073018,-0.6766953079445757,-1.2609912273620671,-0.2404388886323392,3.2170917730904875,-1.963953705675364,-1.9471514156099055,-6.414249078592073,0.7619611022078827,-4.868468388386108,4.756878594608777,0.000682818957482628,-0.7191094514491859,2.049812095785926,0.9580745861025339,0.7763833241305128,-0.8239354869719996,0.13570228292340059,2.6647979859939004,0
1.0753038888770965,-2.116723304193341,0.10985757624894654,-2.3489675922633375,5.089429931615094,0.6860224931456584,-3.9700623359226954,1.5087078273788004,-0.31280965656192605,2.4145934011187347,-1.2391712442946998,-2.401529916370734,0.3883120054234496,0.7608466543114778,0.06008599461516361,-2.374388123485904,-0.7278935672701072,0.8875039674140593,-1.4249112682067504,-0.2988010010840467,0
0.6702770190433462,-3.0746346397153204,-1.3911441601428929,1.2650800865533665,1.6965684758756168,1.4553531788102965,-4.613277840592697,4.955448768827103,2.25418020390212,1.982419476294648,-1.4704711617104091,-2.576023101418161,-0.7047284356108838,1.0539857711828762,0.5720062783004729,-0.9233716643423971,-0.54217958239555,-1.189232465077129,-3.2019569052414996,-3.277496247994584,0
-0.21391875251380732,-0.8700077137732303,-1.1108422025664995,2.376297485282227,-1.4240251738102252,1.3789020495123585,-1.8180244814933335,0.12956789672741276,2.2787507344625304,-1.8651294071411968,1.3602973578712434,-0.3181130985778162,-1.0240285908863795,1.8071966436378852,-1.6826586941226858,-0.4030722337083512,-0.04022069122889094,1.4509275482792119,-0.3153631078659669,-0.9579105457021079,0
-1.5282809888060072,1.5858108948588439,2.162419219783285,-0.8914496781775971,-1.8458301678260696,0.8738816825535849,-2.4726166222526196,-2.12078720172027,-1.2379815684027222,0.5565101132287715,0.1655969952480969,4.559637499970062,-0.49757083838520716,-0.552920837367302,1.0018248536819372,1.7411022745452287,0.5592925028845313,0.6647027453331099,-2.416550633329612,-1.7290026302152883,1
-0.4563256865424443,-0.8466667145186855,4.4735063769719705,-2.1679056933868273,-0.33933067955044294,-0.9577716325542445,0.9809954897551295,-0.06525742881592922,1.6096074886961853,-1.3326040613334127,3.2255585530528217,-0.31521787238656884,1.1945922205137307,-0.7567639770159263,-2.1899217049785533,2.2656648863131146,1.5396238654170697,0.23278674294016363,0.5713163094336644,2.9396675177272424,0
0.6397551131915047,0.8885836271483434,2.288739963974802,1.138208324107297,3.534997871376187,-0.3144311214607425,-5.678994362848585,-1.3378818706797406,1.6901728360759165,-1.0834147246692658,3.443820581754812,3.0910450003086836,0.26355081195478497,-0.06312301311124825,0.3957988487097471,3.2844848389684893,1.516628634902608,-0.4166253056154625,-2.2560737201105807,-1.5046406632143219,1
-0.7424392628563019,3.634954563723576,0.5409717114851851,1.2742533336262833,1.1057894929673326,3.5063246902264105,-7.696861262837788,0.6081635223922219,-5.95413035308489,1.7995791005682629,-1.222536837596027,8.219879134251439,2.212531039397242,-2.0864776583710847,0.16048962397348007,1.0877670580096823,-2.767930098816384,0.007178466907941942,-3.2166597375314385,-5.304741541881959,1
-2.8782761616762365,0.9687143296687626,-3.946381784488758,-1.4838583660151239,-1.8757684047057743,0.8561619831668312,-0.36620514410892424,-2.5982354099968354,5.8927335548735575,-2.59949161353856,3.651628280307045,-3.9602809184337024,0.47263034584340563,-0.031203488939083975,0.018016872044446585,0.685454786379259,0.7947839345375027,-0.863493604964934,-0.6431705796587777,4.2854712030504345,0
1.2447923120970388,-0.6669037229768422,-0.5738665940621972,-1.9228350561894725,3.0159330101637476,1.906853609019736,-8.497320673348487,-1.0532638065113225,2.717020848558576,3.321881425320017,1.7300769646342526,2.656265829217794,-1.0398065310268843,-1.890010171182943,-0.4547947173776929,0.211858147994895,-3.105600591602845,-0.24269874782528175,-3.013270326658528,-3.922510856310459,1
0.5048326057689466,2.250780821806658,1.8250303829785823,1.622075178625315,1.4210806150959148,-0.5780416559568415,1.2929446112072,0.09552851084274772,-7.460899671088006,0.5099977954800918,-2.1115127795956337,4.555065715301734,0.2647753109779796,-0.8505352787470439,2.4851899166788916,-0.9307033437721735,-1.6599973748247505,0.6030946849488336,2.301004157006317,-0.8830315552557864,1
-1.281418920429134,-1.239898268063699,-0.4622501752340191,2.5800381846940326,-1.618563603987372,-1.0641863536229201,-0.2583342382556707,-1.5490280213789132,3.990669215412858,-2.736144389652856,2.359878696460357,-1.155606862144844,0.8890371222798921,-0.09791524644290406,2.2724347204468818,0.9747449586886794,1.2079431043135909,0.5222506360177785,0.002576076288363538,1.4869538129733395,0
1.7684055374548395,-0.4307118230194358,2.0682425680723373,1.5318616555357638,-3.0986680974449268,1.216977715528986,-0.07291069343280347,-1.2635082060497957,-0.5243666839753796,-0.4418795144360108,-1.1276976155462708,4.071835563604047,1.3522026788671444,0.3076126681891964,-0.524567013767051,1.1635035577038408,1.2188044046374258,-0.14037505890533644,-0.5937810911593009,-4.146539816303697,1
2.814260262262909,1.302541718217797,2.327157309552569,2.1122808865502423,-2.1840363159376697,4.150860064751039,-1.8738283458461193,2.851905852737983,-2.9228942542007403,-0.7059877467124056,0.7180178138659548,6.954268725124912,1.0697714549838502,0.5827375831738644,0.4968735905075971,3.255472138594226,-1.245019658705207,-0.6220348055543814,1.4049718596090925,-4.555217802242211,1
-0.7943415907113851,2.6978541130211937,-1.4835819104038153,2.123882356241194,-2.5511880721201643,1.632367137764034,-0.2611133408863244,-1.4854221102303136,-4.54990519288269,0.8934832269330495,-3.382097572923512,4.4368699516544154,-1.222895019555564,1.3313390619884031,1.9203675021442612,-2.0636626898876465,-0.2530582425914175,2.1247714030169615,-1.3379865995936389,-4.565863619560659,0
-0.7833997451429591,2.4973802444073963,-1.9572101418878687,1.5068648239504308,1.3274155024479695,1.91235575062971,0.5967564477480809,-1.0090022505954426,-3.6132197207974044,-1.398242113050597,-1.8040976383915839,1.444082408889483,-0.06418416128881928,-2.6031370878272986,-0.3613105619672905,-0.9734978719840433,2.9819865891185886,-0.3021805869826214,0.9003607801723315,0.33674784584082984,0
-0.7276531400996922,-1.2281410642790385,2.342903296526347,1.741919106120349,-3.486288695124263,-4.3885240491663025,1.2032627004700192,-1.8006415958420485,2.839125787561401,-0.24761192154865114,1.3383430345091418,0.9042624163023869,1.6291663649009451,-2.4932708203300775,-0.965664803523208,2.234336876679435,-1.47640427229387,0.5027448074908146,-1.2112845106280623,-0.5212824633578688,0
1.9012016189612224,-2.1569170223221166,0.7571353336011919,1.5724301960621632,0.14250610435759803,0.14577754532005094,-3.131107240578287,-1.8914568299581223,5.446677682070766,-0.41467802357746436,3.7898124589799362,1.2829383242763894,-0.032280611049470324,2.5115565515844236,-1.8400777445057528,0.3427680891260213,0.12281711919629201,0.3467099776049199,0.14856197085501954,-2.7385575856910975,0
-2.62372558312025,-2.6048333774228256,2.908114669462906,3.0680783691730857,2.739969363964704,1.4691769536427512,-14.182701365848287,-6.43839180496886,0.7655213427074219,0.5294158136184332,-0.45579452017955024,8.861628667246032,-0.08606969279089306,-1.2284438312657626,-2.0755880090785332,2.1906016281401586,1.7658658264833849,-1.8311448783383502,-6.013183286340324,-3.851450101187912,1
-2.2793713666585846,-0.07020699510051809,-0.3223855529969304,-0.33088963015745154,-0.5858673371179586,0.8267892759782776,3.1857790673633892,1.3777994354088896,-1.7710846693032243,0.2705702648803424,-1.6297678530069295,-0.11275468702993341,-1.0773760769847582,1.451001438131336,0.8794170411374032,0.26142758010623574,2.9944994604204984,0.33085130461557777,2.059160261938425,3.174840117360805,0
0.7284668901813731,0.011637561768433557,-4.272377520821139,-1.5599915126108157,1.7941671570483801,0.5163454417617633,-4.96303829279741,0.39875345303971244,3.767588180136616,1.1134176066128598,-0.3168733094387488,-4.076764537602525,-0.1962806513879368,0.24300472205439969,-1.5327005598899308,-0.24066601746185806,-2.5520861759601,0.9500158286696456,-4.672767397329427,-1.7161032039858986,0
0.741572525204196,0.7109445504738154,-0.27449818525174263,-1.6209298673946781,-1.7897368963156384,-1.6910890840970783,0.6531173292609432,-1.4402124157206349,0.378084995935978,2.426988334137773,-0.8383778546722636,-0.3796666702439894,-1.0766791274710135,-0.10726476581094174,1.220282896417717,-2.076714748177338,-2.733156318878387,-0.01987363536831157,-2.2228768486626684,-3.3756317174528947,1
-2.4684906240489974,-2.959309217857177,-2.045592159375622,-0.14579718112359163,-0.39339718619488434,2.564534343076862,-4.463448539392616,-1.051471850325565,5.24332915656286,1.0135562616567253,1.8913354803961269,-0.7891958337850737,-1.2551353719733949,-0.41361566562964275,-0.4776455826040052,-2.0792370403216154,0.9631067296606112,-0.38769991640856116,-0.7535232952292037,0.14217352832942054,0
2.6454088765183847,0.9344956404684497,-0.6929230556475849,0.6707554786574795,-1.4814884156850785,2.0002583873680138,0.6969269069090274,0.7117890524547552,-1.4471864741510696,1.0601979718446655,-1.5349011436836923,2.452125819461956,-0.6342858476894031,-0.6327550298850391,0.5964411375817527,-0.6334378023323712,-0.46422129997394235,-1.542801515209646,0.32469915893099366,-4.672157152969075,0
-1.363867960109037,3.945053662082149,0.5783485166431692,-0.8868014088476412,-0.5835123437995667,0.525514087780971,-1.710568439584675,-3.082388882223695,-2.7546526660963973,-0.7424704990903821,-0.4446233191467377,2.9815017133361366,2.052972024501663,-0.56060763684731,-2.929448690002268,0.7561614457544741,1.1634058947499417,-0.12765468151819012,-3.2592781449822326,-1.4928651414005227,0
-0.8479788939879938,-0.3048005130128576,-3.2300060647161013,0.08362950916742395,0.6814471131198128,0.9328295798949018,-4.433659005384218,1.138474637104432,0.8995989627056473,-2.163038294358584,-1.0302149968445762,-4.027766217378815,-0.8342818100346248,-1.2790307362197864,0.5152943216244674,0.9383351173600643,-3.0513586721098136,-0.27999330187447974,-3.370770887690349,2.0656768682664297,0
0.169895891768306,-1.6721764001876507,-1.9599223884843309,0.2506994455224544,0.3728962289415243,-0.8699813661732154,4.529871513336363,1.318580024823228,8.939548085967905,3.473930656380986,4.446813057478404,0.2676821124184958,0.29964768783734813,0.7658782794806148,-1.6158867874104728,3.021015920031954,6.120538661930844,0.20475888240178416,4.590813334531825,0.46440520133231544,0
-0.7150049070742909,-2.2500179834168197,-1.0061051913729788,1.648501454857931,1.3390218356133474,0.34568011985660196,-3.2225084499597485,-2.3201099018358917,0.8305513624281542,-2.2169912568298673,-0.7823934093888274,0.1970842750824673,0.5711794062192087,-1.5656480316055963,-3.007632339693757,1.7535124412263998,0.03199293150731497,1.0973001875437087,0.5155612192189958,3.3038339469115265,1
-1.4761634600650217,-0.062059438680068135,-1.5170393443856187,-2.7894756240006977,0.11151894006511753,0.9491161570524482,0.30942542756811886,-0.30170909671370993,1.7779077979628697,2.750390313917576,0.1338469910937372,-1.0815595843424766,-0.30561911106831297,-2.00745686074501,-0.3883469383011584,-1.8561650007621928,1.241767864071397,-0.3631166611555665,-0.24749097930853103,0.20047137612466726,0
-4.258903220403657,-1.4458835556821064,2.1522593996795303,1.170637946910727,-1.336836462280347,0.5491247716250844,-6.6548856522618,-2.3170779914520545,0.04342860718707853,2.427194446802871,1.3146336238413556,5.890214466609132,-2.854626662904391,-0.626315276183007,0.49406391897551966,-1.1161442684937826,-2.0866790334142813,0.11053531747394013,-1.9577912135888589,-1.7614893139712957,1
-1.4280678181817272,-2.6213583263927935,-0.38314345723703314,-0.08437209391603029,2.2673342795403917,2.786490146738637,-1.8994172311765345,1.4776263228789086,1.2246946581014635,-2.2390127402522797,0.24556802544614698,-0.2760612253278585,0.9005330773315916,1.0363028920724797,-0.5955349351838592,4.5077473971200845,3.1680109763316606,-0.7625192391465982,2.7671834925673187,6.752543602234956,1
3.0583209830366576,-4.359833486752824,-0.5799440974800316,-3.0934278352668167,4.290304750674375,2.884179280607839,-4.689990094553723,2.039312779902996,4.311593523523065,2.766044967568697,-0.7881068076213953,-4.588076730918652,0.0798014840587331,-0.2243189708781048,0.8595848723435562,-3.467250483439485,1.9448939374078233,1.3111674978026244,-2.664075882817481,-3.282118283116404,0
-3.7382463914145045,1.201835355266533,1.041094590230365,0.4829023561730532,-0.8469380199215805,0.20138984228234325,4.835268619743477,2.1698671312816877,-7.002653626959443,-2.845834744334474,-3.4413250266847157,-2.1828640207638994,-0.8767737812118448,-0.5336003064391669,1.2208212988130478,-1.7109621710941327,2.4296593357556233,0.5002404694365699,1.5298418068881199,5.594634872503375,0
0.17797711320945453,-0.29251321418919873,2.305113299180598,0.9351151763004351,-0.6956860556581405,-1.4823129199954719,2.7002524216610513,-1.3314163115757685,-4.495095167948061,2.1494082984122374,-2.700808425506831,6.22896539667194,0.45780560992578473,0.37006111526895535,-0.12373268009975662,2.1336857219106777,-0.6426816852891881,-0.33912227927003874,3.665852476578647,0.47519746622513254,1
-1.6499223918373387,-0.3988020375554408,-1.7771433449229463,-2.9190149554430187,1.610586873346792,1.738868366501662,-1.467756595064345,-0.8176434896175329,2.635953022012381,0.3438677192837841,2.193816914412591,-3.2076793447643652,0.7835896647986067,-1.423682636883923,-1.8518427315746586,-2.8020601743369857,0.561678571811672,2.169936588080543,0.23427115252482766,2.5412987320903175,0
0.6798573023965842,0.7221767411567614,-1.5428103457396827,1.8829817100122914,2.7549595234054847,-0.6447346058885814,-4.54309454612434,-3.3525186556569766,1.3184470573765414,0.15402833811684635,0.531885974897512,2.834267856690376,1.3035079319347591,0.017613251933657315,-0.97536602727825,1.5659725427690936,-0.016543035801622863,0.2257615231117544,-1.4317477345669707,-1.8763607662608535,1
-1.446926518509626,-1.398645536880462,0.2569137441118068,2.4005179321925514,-0.6224694995486837,-0.46585727051747505,1.9006396118542446,0.2776292636344557,-0.5066706397708546,-3.555620943482851,-1.3165430512402965,-2.773731007515498,1.4205042872710631,-0.38736196455281124,-1.0986204251778122,-0.27480450340011386,3.1112488887307412,1.1395555360254692,0.2958355657147399,3.0635935088198663,1
